ticker,start_date,end_date,type,label
AEX_NETHERLANDS,1997-07-01,1998-03-31,literature,Asian_Financial_1997
AEX_NETHERLANDS,2000-03-01,2002-10-31,literature,Dotcom_Bubble_2000
AEX_NETHERLANDS,2007-10-01,2009-03-31,literature,Global_Financial_2008
AEX_NETHERLANDS,2010-11-01,2012-06-30,literature,Eurozone_2011
AEX_NETHERLANDS,2015-06-01,2016-02-29,literature,China_2015
AEX_NETHERLANDS,2020-02-01,2020-08-31,literature,Covid_2020
AEX_NETHERLANDS,2001-09-14,2001-10-03,data,drawdown_35%
AEX_NETHERLANDS,2001-10-18,2001-10-22,data,drawdown_35%
AEX_NETHERLANDS,2002-06-12,2006-02-08,data,drawdown_35%
AEX_NETHERLANDS,2006-05-12,2006-08-11,data,drawdown_35%
AEX_NETHERLANDS,2008-01-18,2008-02-22,data,drawdown_35%
AEX_NETHERLANDS,2008-02-28,2008-04-01,data,drawdown_35%
AEX_NETHERLANDS,2008-04-11,2008-04-15,data,drawdown_35%
AEX_NETHERLANDS,2008-06-18,2015-02-10,data,drawdown_35%
AEX_NETHERLANDS,2015-08-21,2015-10-21,data,drawdown_35%
AEX_NETHERLANDS,2015-12-03,2016-09-01,data,drawdown_35%
AEX_NETHERLANDS,2016-09-09,2016-10-19,data,drawdown_35%
AEX_NETHERLANDS,2016-10-26,2016-11-21,data,drawdown_35%
AEX_NETHERLANDS,2016-12-01,2016-12-05,data,drawdown_35%
AEX_NETHERLANDS,2020-03-12,2020-03-23,data,drawdown_35%
CAC40_FRANCE,1997-07-01,1998-03-31,literature,Asian_Financial_1997
CAC40_FRANCE,2000-03-01,2002-10-31,literature,Dotcom_Bubble_2000
CAC40_FRANCE,2007-10-01,2009-03-31,literature,Global_Financial_2008
CAC40_FRANCE,2010-11-01,2012-06-30,literature,Eurozone_2011
CAC40_FRANCE,2015-06-01,2016-02-29,literature,China_2015
CAC40_FRANCE,2020-02-01,2020-08-31,literature,Covid_2020
CAC40_FRANCE,2001-09-06,2001-11-07,data,drawdown_35%
CAC40_FRANCE,2001-11-27,2001-12-03,data,drawdown_35%
CAC40_FRANCE,2001-12-13,2001-12-21,data,drawdown_35%
CAC40_FRANCE,2002-01-16,2002-01-23,data,drawdown_35%
CAC40_FRANCE,2002-01-29,2002-03-01,data,drawdown_35%
CAC40_FRANCE,2002-04-25,2005-09-15,data,drawdown_35%
CAC40_FRANCE,2005-10-13,2005-11-02,data,drawdown_35%
CAC40_FRANCE,2008-06-26,2014-05-07,data,drawdown_35%
CAC40_FRANCE,2014-05-15,2014-05-23,data,drawdown_35%
CAC40_FRANCE,2014-06-25,2015-01-21,data,drawdown_35%
CAC40_FRANCE,2015-09-22,2015-10-02,data,drawdown_35%
CAC40_FRANCE,2016-01-06,2016-04-13,data,drawdown_35%
CAC40_FRANCE,2016-04-29,2016-05-25,data,drawdown_35%
CAC40_FRANCE,2016-06-01,2016-09-01,data,drawdown_35%
CAC40_FRANCE,2016-09-09,2016-10-17,data,drawdown_35%
CAC40_FRANCE,2016-11-01,2016-11-08,data,drawdown_35%
CAC40_FRANCE,2020-03-12,2020-04-08,data,drawdown_35%
CAC40_FRANCE,2020-05-11,2020-05-22,data,drawdown_35%
DAX_GERMANY,1997-07-01,1998-03-31,literature,Asian_Financial_1997
DAX_GERMANY,2000-03-01,2002-10-31,literature,Dotcom_Bubble_2000
DAX_GERMANY,2007-10-01,2009-03-31,literature,Global_Financial_2008
DAX_GERMANY,2010-11-01,2012-06-30,literature,Eurozone_2011
DAX_GERMANY,2015-06-01,2016-02-29,literature,China_2015
DAX_GERMANY,2020-02-01,2020-08-31,literature,Covid_2020
DAX_GERMANY,2001-08-17,2001-08-22,data,drawdown_35%
DAX_GERMANY,2001-08-30,2002-01-02,data,drawdown_35%
DAX_GERMANY,2002-01-10,2002-03-01,data,drawdown_35%
DAX_GERMANY,2002-04-22,2005-11-30,data,drawdown_35%
DAX_GERMANY,2008-10-08,2009-07-28,data,drawdown_35%
DAX_GERMANY,2011-09-09,2011-09-13,data,drawdown_35%
DAX_GERMANY,2020-03-16,2020-03-23,data,drawdown_35%
DJIA,1997-07-01,1998-03-31,literature,Asian_Financial_1997
DJIA,2000-03-01,2002-10-31,literature,Dotcom_Bubble_2000
DJIA,2007-10-01,2009-03-31,literature,Global_Financial_2008
DJIA,2010-11-01,2012-06-30,literature,Eurozone_2011
DJIA,2015-06-01,2016-02-29,literature,China_2015
DJIA,2020-02-01,2020-08-31,literature,Covid_2020
DJIA,2002-10-04,2002-10-10,data,drawdown_35%
DJIA,2008-10-21,2008-10-30,data,drawdown_35%
DJIA,2008-11-05,2009-07-31,data,drawdown_35%
EUROSTOXX50,2007-10-01,2009-03-31,literature,Global_Financial_2008
EUROSTOXX50,2010-11-01,2012-06-30,literature,Eurozone_2011
EUROSTOXX50,2015-06-01,2016-02-29,literature,China_2015
EUROSTOXX50,2020-02-01,2020-08-31,literature,Covid_2020
EUROSTOXX50,2008-10-06,2009-10-13,data,drawdown_35%
EUROSTOXX50,2009-10-22,2009-12-15,data,drawdown_35%
EUROSTOXX50,2010-01-20,2010-03-24,data,drawdown_35%
EUROSTOXX50,2010-04-27,2011-01-13,data,drawdown_35%
EUROSTOXX50,2011-03-10,2011-03-29,data,drawdown_35%
EUROSTOXX50,2011-05-12,2013-09-18,data,drawdown_35%
EUROSTOXX50,2016-02-03,2016-02-19,data,drawdown_35%
EUROSTOXX50,2016-06-10,2016-06-17,data,drawdown_35%
EUROSTOXX50,2016-06-24,2016-07-11,data,drawdown_35%
EUROSTOXX50,2020-03-10,2020-04-27,data,drawdown_35%
EUROSTOXX50,2020-05-04,2020-05-19,data,drawdown_35%
HANG_SENG,1987-10-01,1987-11-30,literature,Black_Monday_1987
HANG_SENG,1997-07-01,1998-03-31,literature,Asian_Financial_1997
HANG_SENG,2000-03-01,2002-10-31,literature,Dotcom_Bubble_2000
HANG_SENG,2007-10-01,2009-03-31,literature,Global_Financial_2008
HANG_SENG,2010-11-01,2012-06-30,literature,Eurozone_2011
HANG_SENG,2015-06-01,2016-02-29,literature,China_2015
HANG_SENG,2020-02-01,2020-08-31,literature,Covid_2020
HANG_SENG,1987-10-26,1988-03-09,data,drawdown_35%
HANG_SENG,1988-03-23,1988-04-06,data,drawdown_35%
HANG_SENG,1988-05-10,1988-06-02,data,drawdown_35%
HANG_SENG,1988-08-22,1988-10-10,data,drawdown_35%
HANG_SENG,1989-06-05,1989-07-28,data,drawdown_35%
HANG_SENG,1989-08-21,1989-09-04,data,drawdown_35%
HANG_SENG,1994-12-09,1994-12-13,data,drawdown_35%
HANG_SENG,1995-01-03,1995-02-06,data,drawdown_35%
HANG_SENG,1997-10-27,1997-12-01,data,drawdown_35%
HANG_SENG,1997-12-11,1998-02-24,data,drawdown_35%
HANG_SENG,1998-04-27,1999-03-15,data,drawdown_35%
HANG_SENG,1999-03-24,1999-03-29,data,drawdown_35%
HANG_SENG,2001-08-09,2003-10-09,data,drawdown_35%
HANG_SENG,2003-10-23,2003-10-27,data,drawdown_35%
HANG_SENG,2003-11-19,2003-11-24,data,drawdown_35%
HANG_SENG,2004-05-10,2004-05-25,data,drawdown_35%
HANG_SENG,2004-06-18,2004-06-23,data,drawdown_35%
HANG_SENG,2008-09-09,2009-07-27,data,drawdown_35%
HANG_SENG,2009-08-17,2009-09-04,data,drawdown_35%
HANG_SENG,2010-01-26,2010-02-22,data,drawdown_35%
HANG_SENG,2010-05-05,2010-06-18,data,drawdown_35%
HANG_SENG,2010-06-29,2010-07-21,data,drawdown_35%
HANG_SENG,2011-08-08,2012-02-01,data,drawdown_35%
HANG_SENG,2012-05-07,2012-09-13,data,drawdown_35%
HANG_SENG,2013-06-20,2013-06-27,data,drawdown_35%
HANG_SENG,2016-01-07,2016-03-17,data,drawdown_35%
HANG_SENG,2016-03-24,2016-04-12,data,drawdown_35%
HANG_SENG,2016-05-04,2016-05-26,data,drawdown_35%
HANG_SENG,2016-06-13,2016-06-29,data,drawdown_35%
HANG_SENG,2022-03-07,2022-03-21,data,drawdown_35%
HANG_SENG,2022-04-11,2022-06-02,data,drawdown_35%
HANG_SENG,2022-06-13,2022-06-20,data,drawdown_35%
HANG_SENG,2022-07-11,2023-01-12,data,drawdown_35%
HANG_SENG,2023-02-10,2024-09-30,data,drawdown_35%
HANG_SENG,2024-10-08,2025-02-11,data,drawdown_35%
HANG_SENG,2025-04-07,2025-04-17,data,drawdown_35%
HANG_SENG_CHINA_ENT,1997-07-01,1998-03-31,literature,Asian_Financial_1997
HANG_SENG_CHINA_ENT,2000-03-01,2002-10-31,literature,Dotcom_Bubble_2000
HANG_SENG_CHINA_ENT,2007-10-01,2009-03-31,literature,Global_Financial_2008
HANG_SENG_CHINA_ENT,2010-11-01,2012-06-30,literature,Eurozone_2011
HANG_SENG_CHINA_ENT,2015-06-01,2016-02-29,literature,China_2015
HANG_SENG_CHINA_ENT,2020-02-01,2020-08-31,literature,Covid_2020
HANG_SENG_CHINA_ENT,1994-03-17,1994-09-06,data,drawdown_35%
HANG_SENG_CHINA_ENT,1994-09-22,1997-08-11,data,drawdown_35%
HANG_SENG_CHINA_ENT,1997-09-01,1997-09-08,data,drawdown_35%
HANG_SENG_CHINA_ENT,1997-09-16,2006-01-26,data,drawdown_35%
HANG_SENG_CHINA_ENT,2008-02-06,2008-02-13,data,drawdown_35%
HANG_SENG_CHINA_ENT,2008-03-04,2008-04-03,data,drawdown_35%
HANG_SENG_CHINA_ENT,2008-04-14,2008-04-21,data,drawdown_35%
HANG_SENG_CHINA_ENT,2008-06-10,2009-11-06,data,drawdown_35%
HANG_SENG_CHINA_ENT,2009-11-26,2009-12-01,data,drawdown_35%
HANG_SENG_CHINA_ENT,2009-12-08,2010-10-12,data,drawdown_35%
HANG_SENG_CHINA_ENT,2010-11-16,2011-03-30,data,drawdown_35%
HANG_SENG_CHINA_ENT,2011-04-29,2015-04-02,data,drawdown_35%
HANG_SENG_CHINA_ENT,2015-06-26,2018-01-22,data,drawdown_35%
HANG_SENG_CHINA_ENT,2018-02-06,2025-11-27,data,drawdown_35%
NASDAQ,1973-10-01,1974-03-31,literature,Oil_Crisis_1973
NASDAQ,1987-10-01,1987-11-30,literature,Black_Monday_1987
NASDAQ,1997-07-01,1998-03-31,literature,Asian_Financial_1997
NASDAQ,2000-03-01,2002-10-31,literature,Dotcom_Bubble_2000
NASDAQ,2007-10-01,2009-03-31,literature,Global_Financial_2008
NASDAQ,2010-11-01,2012-06-30,literature,Eurozone_2011
NASDAQ,2015-06-01,2016-02-29,literature,China_2015
NASDAQ,2020-02-01,2020-08-31,literature,Covid_2020
NASDAQ,1974-04-23,1976-02-12,data,drawdown_35%
NASDAQ,1976-04-09,1976-04-14,data,drawdown_35%
NASDAQ,1976-05-24,1976-06-16,data,drawdown_35%
NASDAQ,1976-11-08,1976-11-16,data,drawdown_35%
NASDAQ,2000-10-25,2000-10-30,data,drawdown_35%
NASDAQ,2000-11-08,2013-04-09,data,drawdown_35%
NASDAQ,2013-04-15,2013-04-24,data,drawdown_35%
NIFTY50,2008-02-08,2009-03-31,literature,Global_Financial_2008
NIFTY50,2010-11-01,2012-06-30,literature,Eurozone_2011
NIFTY50,2015-06-01,2016-02-29,literature,China_2015
NIFTY50,2020-02-01,2020-08-31,literature,Covid_2020
NIFTY50,2008-10-15,2009-04-23,data,drawdown_35%
NIKKEI225,1973-10-01,1974-03-31,literature,Oil_Crisis_1973
NIKKEI225,1987-10-01,1987-11-30,literature,Black_Monday_1987
NIKKEI225,1997-07-01,1998-03-31,literature,Asian_Financial_1997
NIKKEI225,2000-03-01,2002-10-31,literature,Dotcom_Bubble_2000
NIKKEI225,2007-10-01,2009-03-31,literature,Global_Financial_2008
NIKKEI225,2010-11-01,2012-06-30,literature,Eurozone_2011
NIKKEI225,2015-06-01,2016-02-29,literature,China_2015
NIKKEI225,2020-02-01,2020-08-31,literature,Covid_2020
NIKKEI225,1990-08-22,1990-08-27,data,drawdown_35%
NIKKEI225,1990-09-04,1990-10-22,data,drawdown_35%
NIKKEI225,1990-10-30,1991-02-13,data,drawdown_35%
NIKKEI225,1991-06-05,2020-11-10,data,drawdown_35%
RUSSELL2000,1997-07-01,1998-03-31,literature,Asian_Financial_1997
RUSSELL2000,2000-03-01,2002-10-31,literature,Dotcom_Bubble_2000
RUSSELL2000,2007-10-01,2009-03-31,literature,Global_Financial_2008
RUSSELL2000,2010-11-01,2012-06-30,literature,Eurozone_2011
RUSSELL2000,2015-06-01,2016-02-29,literature,China_2015
RUSSELL2000,2020-02-01,2020-08-31,literature,Covid_2020
RUSSELL2000,2001-09-20,2001-09-24,data,drawdown_35%
RUSSELL2000,2002-07-19,2002-08-15,data,drawdown_35%
RUSSELL2000,2002-08-30,2002-11-20,data,drawdown_35%
RUSSELL2000,2002-12-17,2003-01-03,data,drawdown_35%
RUSSELL2000,2003-01-17,2003-04-22,data,drawdown_35%
RUSSELL2000,2008-10-14,2009-07-29,data,drawdown_35%
RUSSELL2000,2020-03-16,2020-03-25,data,drawdown_35%
SENSEX,1997-11-27,1998-03-31,literature,Asian_Financial_1997
SENSEX,2000-03-01,2002-10-31,literature,Dotcom_Bubble_2000
SENSEX,2007-10-01,2009-03-31,literature,Global_Financial_2008
SENSEX,2010-11-01,2012-06-30,literature,Eurozone_2011
SENSEX,2015-06-01,2016-02-29,literature,China_2015
SENSEX,2020-02-01,2020-08-31,literature,Covid_2020
SENSEX,2000-10-11,2000-11-01,data,drawdown_35%
SENSEX,2001-03-12,2003-08-07,data,drawdown_35%
SENSEX,2008-07-03,2008-07-17,data,drawdown_35%
SENSEX,2008-09-25,2009-05-15,data,drawdown_35%
SP500,1929-08-01,1933-12-31,literature,Great_Depression_1929
SP500,1937-05-01,1938-06-30,literature,Recession_1937
SP500,1973-10-01,1974-03-31,literature,Oil_Crisis_1973
SP500,1987-10-01,1987-11-30,literature,Black_Monday_1987
SP500,1997-07-01,1998-03-31,literature,Asian_Financial_1997
SP500,2000-03-01,2002-10-31,literature,Dotcom_Bubble_2000
SP500,2007-10-01,2009-03-31,literature,Global_Financial_2008
SP500,2010-11-01,2012-06-30,literature,Eurozone_2011
SP500,2015-06-01,2016-02-29,literature,China_2015
SP500,2020-02-01,2020-08-31,literature,Covid_2020
SP500,1929-11-11,1929-11-19,data,drawdown_35%
SP500,1929-12-20,1929-12-24,data,drawdown_35%
SP500,1930-06-20,1930-07-09,data,drawdown_35%
SP500,1930-08-08,1930-08-18,data,drawdown_35%
SP500,1930-09-19,1950-12-29,data,drawdown_35%
SP500,1974-08-14,1975-02-04,data,drawdown_35%
SP500,2002-06-21,2003-06-10,data,drawdown_35%
SP500,2003-06-23,2003-07-01,data,drawdown_35%
SP500,2003-07-29,2003-08-15,data,drawdown_35%
SP500,2008-10-07,2009-08-20,data,drawdown_35%
STI_SINGAPORE,1997-07-01,1998-03-31,literature,Asian_Financial_1997
STI_SINGAPORE,2000-03-01,2002-10-31,literature,Dotcom_Bubble_2000
STI_SINGAPORE,2007-10-01,2009-03-31,literature,Global_Financial_2008
STI_SINGAPORE,2010-11-01,2012-06-30,literature,Eurozone_2011
STI_SINGAPORE,2015-06-01,2016-02-29,literature,China_2015
STI_SINGAPORE,2020-02-01,2020-08-31,literature,Covid_2020
STI_SINGAPORE,1997-10-24,1997-10-31,data,drawdown_35%
STI_SINGAPORE,1997-12-15,1998-03-16,data,drawdown_35%
STI_SINGAPORE,1998-04-01,1999-04-06,data,drawdown_35%
STI_SINGAPORE,2001-03-28,2001-04-20,data,drawdown_35%
STI_SINGAPORE,2001-05-30,2001-06-05,data,drawdown_35%
STI_SINGAPORE,2001-07-11,2002-01-04,data,drawdown_35%
STI_SINGAPORE,2002-01-16,2002-01-24,data,drawdown_35%
STI_SINGAPORE,2002-05-31,2003-10-03,data,drawdown_35%
STI_SINGAPORE,2003-11-19,2003-11-24,data,drawdown_35%
STI_SINGAPORE,2008-09-23,2009-07-23,data,drawdown_35%
STI_SINGAPORE,2020-03-16,2020-04-06,data,drawdown_35%
STI_SINGAPORE,2020-09-04,2020-10-05,data,drawdown_35%
STI_SINGAPORE,2020-10-27,2020-11-04,data,drawdown_35%
