ticker,model,horizon,rmse,mae,qlike,mase,hit_rate,mz_alpha,mz_beta,mz_r2,mz_alpha_p,mz_beta_p,dm_stat,dm_p,jb_p,ljungbox_p,bp_p,tail_corr,tail_corr_p,beta_stability,ceq_gain_bps,enc_beta2,enc_beta2_p,n_params,param_sample_ratio
NASDAQ,HAR-X,1,0.0005941184595544614,0.0001682674350457616,3.237308943645021,0.839200708081408,0.75,-0.10542528154457195,0.9965436384948427,0.12045690984264601,0.8449732224248784,7.7380035861889115e-78,-1.2583099614998616,0.20838771864960792,0.0,3.310752801110157e-99,9.427612317829959e-70,0.3681515467384796,3.724278158602637e-10,64.39286099152152,-6725.715088615144,1.7255024541574042e-08,6.727722225860611e-21,13,0.0011948529411764707
NASDAQ,HAR-X,5,0.0004385707072616887,0.00011657566780133439,0.4761955701065507,0.7170824347501522,0.8176470588235294,-0.3517392043293278,0.9613217739483085,0.45029121346766243,0.06502883652412143,0.0,0.2357504052591697,0.8136441094551845,0.0,0.0,6.297677052849994e-119,0.23554934321159626,8.773763342732241e-05,46.552611831625285,-739.6827988284282,1.888450414596181e-08,1.4106845077236808e-51,13,0.0011948529411764707
NASDAQ,HAR-X,10,0.00036694169316093715,0.00010966294907155128,0.3804043979638674,0.7047057166643567,0.8125,-0.8538767695225172,0.9042424646221988,0.4662568806695936,6.812201729492407e-07,0.0,-0.1177245736074933,0.9062945905758899,0.0,0.0,7.287196254855778e-107,0.3364409629875225,1.2711244131887012e-08,61.2618670758926,-376.4241225483755,1.728665097707958e-08,2.466861076036661e-53,13,0.0011948529411764707
NASDAQ,HAR-X,21,0.0003076738779905554,0.00010852566662347786,0.3932031652529883,0.7229657582864747,0.8077205882352941,-1.5389415205517543,0.8259747827094225,0.4185500406442001,4.406743166013298e-19,2.17e-322,-0.4065058211877179,0.684402973286435,0.0,0.0,1.4052814511385555e-72,0.3211542635788348,6.081938324460769e-08,174.44661184566647,-423.4659315859339,1.6650919848870028e-08,1.2036389094174824e-55,13,0.0011948529411764707
NASDAQ,HAR-X,63,0.0002424644746831231,0.00011216280131349525,0.5473763440408942,0.7813047931964678,0.7136029411764706,-3.5099413326035336,0.6025486725991989,0.22474949948491296,1.0406080148361598e-68,1.8202462717254422e-152,1.377122770058579,0.1685876539637221,0.0,0.0,1.5052612736625297e-71,-0.4266989793362703,1.8423321298195446e-13,160.72441654826963,-398.3771622344102,2.1535741374666656e-08,5.576256595764896e-124,13,0.0011948529411764707
NASDAQ,HAR-X,100,0.00021141031741500564,0.00011020083201800107,0.5442866374165781,0.7840512023580248,0.6827205882352941,-4.662105385341338,0.4697607554024658,0.13475787739126321,9.243055982139265e-104,1.5454357881344052e-87,1.9424607430176941,0.05218447051937791,0.0,0.0,2.331696761991904e-109,-0.36111733935697465,8.431240013859068e-10,184.28510042070863,-481.03670361718036,2.357430671513825e-08,8.918806441493313e-174,13,0.0011948529411764707
EUROSTOXX50,HAR-X,1,0.00031829173919305,0.00011700810795833577,3.2681435917029225,0.44845326215811665,0.8465845464725644,-1.9450513990895293,0.8125766153223298,0.0621352706152426,0.0838492850868022,4.088995436459972e-14,-1.5888423146970019,0.11245035655740376,0.0,4.875206991684429e-17,3.7239708478504247e-11,0.35705642671934806,0.0005511129889340294,236.11690199378117,-8412.974236508868,1.0728539104941236e-08,5.747907802569525e-05,13,0.0036434977578475337
EUROSTOXX50,HAR-X,5,0.00016457416064040827,8.107873114319698e-05,0.477338025956083,0.4140296389792365,0.8622620380739082,-1.654516273841594,0.832014495999616,0.24220382526096285,0.00040427784158683823,1.1854367245742575e-55,-3.802327916565308,0.0001530949388106606,0.0,1.7061449365237308e-203,3.073921272865953e-10,0.3420586903732971,0.0009674406080923549,10.147734106218527,-5261.80987328774,6.381326539033649e-09,0.00013356643540790247,13,0.0036434977578475337
EUROSTOXX50,HAR-X,10,0.0001432375711804711,7.522458637715528e-05,0.3038109275985971,0.41214974611198796,0.8566629339305711,-1.9776831415629443,0.7944957258653824,0.27790573108336414,8.33198470537626e-07,5.096330644465111e-65,-4.412167912196034,1.1484676164963403e-05,0.0,0.0,1.00683881619061e-13,0.15566530847429721,0.14290048889388668,19.24843955584364,-4686.14751562763,8.616807852755197e-09,7.222224229989256e-08,13,0.0036434977578475337
EUROSTOXX50,HAR-X,21,0.00011989128680476258,6.986499308239195e-05,0.2171975104033044,0.40512077056303447,0.8275475923852184,-2.2852184196183236,0.7606705526205784,0.24730682217419275,2.6471283712693628e-08,5.782337981527883e-57,-4.623507385483148,4.3300836127802e-06,0.0,0.0,2.209404148626548e-23,0.018315018315018316,0.8639587174379864,61.58608160493093,-4290.685589221493,1.1358268606116755e-08,1.4382039434491334e-13,13,0.0036434977578475337
EUROSTOXX50,HAR-X,63,8.364026425951795e-05,5.8080154165763556e-05,0.14653611979066627,0.3762760683564057,0.8197088465845465,-2.1673161181909313,0.7800925732318077,0.24546750781594795,1.8021614009713444e-07,1.7215719100450176e-56,-5.951974029172987,3.804652815020404e-09,3.8005710384267523e-112,0.0,4.580390620794697e-49,0.45389142692513473,7.0182700658503715e-06,120.82849313908588,-3676.3300925543485,1.0842613019524917e-08,2.529517296698894e-15,13,0.0036434977578475337
EUROSTOXX50,HAR-X,100,7.314509998620656e-05,5.5355087607041583e-05,0.1290819127408305,0.3853127788503454,0.8801791713325868,-2.373576862299376,0.7656313556329807,0.20523329798973855,1.6190428527945842e-07,2.1167135733425186e-46,-7.936327412977817,6.217248937900877e-15,2.412378450847921e-125,0.0,1.1498600179605424e-69,-0.32885541424867265,0.0015524335879484482,157.54366074248782,-3318.585182215841,9.527117317713108e-09,1.6249320176997623e-12,13,0.0036434977578475337
CAC40_FRANCE,HAR-X,1,0.0005704755512841291,0.0001326034092219656,3.2323956828543032,0.6132554908210048,0.8408577878103838,0.6933462927903496,1.0692120368096503,0.10711668200252022,0.3740157434698267,1.6378023485118367e-45,-1.546941077029843,0.12205612050952075,0.0,1.1793627754373468e-100,1.2588512234063643e-08,0.40739140935113183,1.6639485476598268e-08,358.9174506883801,-8180.568187449907,-7.40694564087478e-10,0.8006841239023939,13,0.0018343445745731622
CAC40_FRANCE,HAR-X,5,0.0003024807441144005,9.447770887266727e-05,0.5394264462963106,0.6133197465627898,0.8679458239277652,-0.6357026077341545,0.94440937192391,0.3168000976687886,0.042476065238544275,1.2640713425199923e-148,-2.3170269880166203,0.020615822957856356,0.0,0.0,8.946258803328405e-43,0.49638962091817573,1.8358555835679223e-12,51.48604925580512,-4294.744392333299,9.175945176713606e-09,2.601543602676284e-09,13,0.0018343445745731622
CAC40_FRANCE,HAR-X,10,0.000263133530623926,8.886140015725461e-05,0.40701323661037786,0.6316412153610199,0.8797968397291196,-1.3402037465615768,0.8665826279841926,0.31840249897115025,2.1796463141236185e-06,1.5781615962726414e-149,-2.2961902455801058,0.0217812990290438,0.0,0.0,2.6724721467615323e-39,0.527357917459723,3.944424512094197e-14,18.12724048876414,-3787.1890530781898,7.2600523947199774e-09,2.437944334769334e-07,13,0.0018343445745731622
CAC40_FRANCE,HAR-X,21,0.0002407749093657887,8.702830653710556e-05,0.3894301495106613,0.6602744853233748,0.8527088036117382,-2.4725576552581043,0.7403978131646092,0.25161539237751074,3.123682995211026e-18,1.50413484200748e-113,-2.6696403790486194,0.00766264419492102,0.0,0.0,7.014261718655519e-25,0.19542433524234282,0.008944404501065225,52.45403032705289,-3534.296548294775,9.36290796911775e-09,2.3842613116494845e-11,13,0.0018343445745731622
CAC40_FRANCE,HAR-X,63,0.00018432189847288644,8.022378676252828e-05,0.42348625846997695,0.6782937727636021,0.804176072234763,-3.768120902870652,0.592906461958967,0.15412210249698644,1.9686801249250943e-34,2.2383037162265408e-66,-1.2150474663990518,0.22450995119766004,0.0,0.0,0.00044868564307625906,-0.3120203760071239,2.2363778110925182e-05,74.58721850154342,-3273.106714097339,1.2720163211600187e-08,6.539449589638248e-20,13,0.0018343445745731622
CAC40_FRANCE,HAR-X,100,0.00016430838955051524,8.161383735378567e-05,0.4354704836161737,0.7326521337013167,0.8188487584650113,-5.463090960178556,0.40412429935150485,0.06476346224204166,6.225270687001759e-57,1.3622412394697032e-27,0.0024296130556561574,0.9980617247948582,0.0,0.0,7.711538199834819e-07,-0.3063369680050302,3.200968621562561e-05,133.05594692587428,-3132.4046108678526,1.8247446163146752e-08,2.1433159142788304e-37,13,0.0018343445745731622
DAX_GERMANY,HAR-X,1,0.0005795989772578374,0.00013811798767962124,3.5258759344678317,0.5937822049080974,0.8340448239060833,-1.3797439526984883,0.8742447848183211,0.07001247983470649,0.07749903566321381,2.161228371421999e-31,-0.99627892545782,0.3192433305887248,0.0,3.5527173602076437e-85,5.051421814979692e-10,0.34162833411894733,1.601935483052189e-06,631.437607379062,-8209.566513571883,1.3989453081664595e-08,1.3035145222816614e-06,13,0.0017344896597731821
DAX_GERMANY,HAR-X,5,0.0002874072817253078,9.907818553659828e-05,0.5246645342431595,0.574557511848409,0.8644610458911419,-0.6711095201243886,0.9396072112705506,0.268168168085116,0.04792027125176118,4.3638335111247363e-129,-2.2480672249657494,0.02468779390397935,0.0,0.0,3.600051180877077e-37,0.5160472957719515,3.473111383631038e-14,338.9797156180265,-4675.370350893774,7.94581360132181e-09,3.766382870455425e-07,13,0.0017344896597731821
DAX_GERMANY,HAR-X,10,0.00024464214088330724,9.024349457948556e-05,0.3709949339553856,0.559117291079292,0.8601921024546425,-1.0591011442121248,0.8948449509738733,0.2980017118109918,0.0003497330090471468,4.995986457598164e-146,-2.0482354315068028,0.040676084322887274,0.0,0.0,3.9129536285798994e-45,0.5679682575802726,1.8917933957333523e-17,330.24857184959757,-4174.453050397647,5.635134532047125e-09,6.15330334057161e-05,13,0.0017344896597731821
DAX_GERMANY,HAR-X,21,0.00022548230960313755,8.499021156016175e-05,0.32090150116795885,0.556290872632291,0.8553895410885806,-1.6563943166874644,0.8267410798616216,0.2795327675703194,5.539372609275761e-09,1.8571202326029082e-135,-2.1604659822315178,0.030863072032552452,0.0,0.0,1.7995964551587064e-39,0.37361456510392677,1.2842439604220582e-07,348.5652952842363,-3903.4667855950706,7.87547245036949e-09,3.9197217442926204e-08,13,0.0017344896597731821
DAX_GERMANY,HAR-X,63,0.0001808857569653403,8.116520404857166e-05,0.3405227145800491,0.589440488522366,0.8223052294557097,-2.356152084572085,0.7494081707358903,0.19983024540406036,1.091554438163434e-13,9.838991976019034e-93,-1.4355950639420978,0.15128457424861042,0.0,0.0,6.57964940966295e-27,-0.06427587153494538,0.3808478354569991,288.6357654988688,-3515.264705254127,1.2951515428237342e-08,8.726308011524136e-19,13,0.0017344896597731821
DAX_GERMANY,HAR-X,100,0.00016123729315910225,8.233544146584079e-05,0.3570660347236685,0.6321429033445501,0.7988260405549626,-3.8735713411742307,0.581114090179438,0.1038181603165359,8.997471748392253e-27,1.5790673819960415e-46,-0.7674971326051251,0.44288273578313353,0.0,0.0,3.728096586691533e-20,-0.11929052730053981,0.10298566366452429,302.5852652275337,-3315.6433152164936,1.7564607129832008e-08,2.709231492285614e-30,13,0.0017344896597731821
AEX_NETHERLANDS,HAR-X,1,0.0004536766672273412,0.00011341197153829488,3.3624655866841775,0.5176046267444,0.8415300546448088,-1.2048071161852008,0.901072368549145,0.07871115750613344,0.14047599971424674,3.6165503163760235e-31,-1.7582591376752348,0.07888925728041918,0.0,4.329555234677613e-82,1.131577125385642e-06,0.40999652712846957,4.5304212654945556e-08,139.2046094402904,-8221.900891638,1.7098179366638209e-09,0.4449340846363913,13,0.001973284760170006
AEX_NETHERLANDS,HAR-X,5,0.0002310755171805676,7.909171817614977e-05,0.5829023897010783,0.4629498629111607,0.8724954462659381,-1.1806763659145172,0.8852029445878407,0.3063489292966879,0.0002059874268251652,7.737676330157621e-133,-2.564360011013921,0.010424663307211146,0.0,9.153665946289308e-256,1.8928509634732054e-41,0.45623380439718975,7.343851307084433e-10,60.026725228277556,-4770.921475349677,8.337863002417711e-09,7.99778794634082e-13,13,0.001973284760170006
AEX_NETHERLANDS,HAR-X,10,0.00020068001341543175,7.362173706069424e-05,0.43214015111983706,0.4521828391357061,0.8694596235579842,-1.770990780477027,0.819303704918678,0.31504229422297847,5.65596311027424e-10,2.3849234108144206e-137,-2.7210644357389353,0.006575744062622402,0.0,0.0,7.735277648556921e-48,0.40858066411989424,5.091233546514255e-08,7.205940759758423,-4325.100721302622,7.41098301574403e-09,1.5714992069261445e-12,13,0.001973284760170006
AEX_NETHERLANDS,HAR-X,21,0.00018845864825560262,7.197378307878192e-05,0.37330998290888584,0.4592643950345661,0.8743169398907104,-2.856010677889099,0.6988476807816852,0.27111940455508354,6.051495189202783e-26,4.086808091713011e-115,-3.247908204903278,0.001185981971797645,0.0,0.0,6.281650861493333e-37,0.12037774156492935,0.12352846492656407,3.2140236096770805,-4116.257875625117,8.917243852039017e-09,3.611790120059671e-17,13,0.001973284760170006
AEX_NETHERLANDS,HAR-X,63,0.00014832229909232685,6.691404962905005e-05,0.4035248936117768,0.46531504649881195,0.8524590163934426,-3.9200404007310246,0.5793500169971753,0.19635730494944215,2.4340077167444628e-45,3.6350772154193574e-80,-1.7812707711259748,0.07505257815057687,0.0,0.0,0.0002049075730175221,-0.2542676248230172,0.0009820037795662427,37.15750793354568,-3906.769543952062,1.1464475281780426e-08,1.9387763754373555e-28,13,0.001973284760170006
AEX_NETHERLANDS,HAR-X,100,0.0001341888746310076,6.980833238396618e-05,0.40422849557914425,0.5082433722454073,0.8160291438979964,-5.166225624497795,0.44313826948652046,0.10956995487310428,8.282963137744263e-66,2.0781093994815296e-43,-0.6780054116503402,0.49786355802579463,0.0,0.0,8.447285990148777e-07,-0.420158683514546,1.929292029470495e-08,16.887217631551867,-3734.3075109623283,1.5043488290030524e-08,2.6290980177368136e-50,13,0.001973284760170006
HANG_SENG,HAR-X,1,0.0006837403526070543,0.0002033917626610086,3.677432902019501,0.5716523521736785,0.7890250399573788,-2.838961319405409,0.7206949583081288,0.028877109087414254,0.0035654283836606673,1.2508310153589702e-13,2.382398684299253,0.017299369816982102,0.0,0.0002340179042123953,0.0928708669556372,0.26685774245223554,0.00021396888539522386,119.96202671392426,-8161.516589682508,3.567479196233841e-08,1.447811876204049e-09,13,0.0017317170640735314
HANG_SENG,HAR-X,5,0.0003391230453056139,0.00013667335385016585,0.43548707657221536,0.48504150287742215,0.8018114011720832,-2.099557053431224,0.7600211068188729,0.18532079582766448,2.0092287891132433e-10,1.5148661105623904e-85,-1.46534739591644,0.14299373312206276,0.0,0.0,1.6967245856938107e-13,0.28317503661683885,8.226263945249056e-05,92.92304743394719,-4373.572514948397,2.8410952675331256e-08,6.180745465213096e-17,13,0.0017317170640735314
HANG_SENG,HAR-X,10,0.00026938553975651886,0.00012084053752099981,0.3167849857899749,0.45219135413244366,0.8119339371337241,-2.599715735584894,0.6999349116530282,0.21345488279530178,5.078326234710182e-21,6.930936383578216e-100,-1.2052708062958446,0.22825078332993076,0.0,0.0,8.178860006126995e-28,0.22082978904005185,0.002324034457931662,106.87015089217942,-3750.184206860884,3.1653324483997375e-08,6.990692961834278e-28,13,0.0017317170640735314
HANG_SENG,HAR-X,21,0.0002153030828990584,0.00011317239780241348,0.2773859971592975,0.4433613238136047,0.8087373468300479,-3.4281620127350743,0.6011740738519876,0.18142261879766008,1.018686571547393e-38,1.3443253511135061e-83,-0.4037650266485146,0.6864315350600252,0.0,0.0,3.321986060384276e-39,-0.06699030353598563,0.3610188671173963,118.75907048802242,-3437.006475110973,3.7879822354253136e-08,1.7616304907700143e-51,13,0.0017317170640735314
HANG_SENG,HAR-X,63,0.00016525320353841697,0.0001086416472631676,0.23229228293840792,0.46024119640029204,0.7730420884389984,-5.69786554458479,0.3321419272917654,0.06266279808126363,6.932808688000134e-97,3.279782754673536e-28,1.3222963221974593,0.18623068460221814,0.0,0.0,1.2254974546317177e-83,0.17161242317687872,0.018530939063564556,149.9822687329856,-3204.8434725035922,5.190210435541502e-08,1.286615124912108e-141,13,0.0017317170640735314
HANG_SENG,HAR-X,100,0.00013932039622127488,9.991858335541217e-05,0.18221752065920668,0.45710147863430156,0.6798082045817795,-6.077342144758769,0.2846498777788728,0.04751949296320668,1.6933145591422853e-110,1.258971449264424e-21,1.6961778800383125,0.09001810725058057,0.0,0.0,4.170076721358966e-105,-0.17668730935314164,0.015284305205544585,146.98143626690154,-3012.1445380236532,5.274562664722849e-08,6.258196459783912e-183,13,0.0017317170640735314
SENSEX,HAR-X,1,0.0006563472908555099,0.0001256747118283976,3.1734776447439046,0.4803697689182926,0.8856932153392331,-0.8994646452004695,0.9271547107064216,0.08747140481881777,0.30217448985099343,8.886009219271355e-29,-1.6221048268257268,0.10501353871986607,0.0,7.811160708616724e-88,1.4071924095167757e-22,0.4619865464433948,1.5004554618662387e-08,212.90060280440704,-8101.894850116971,1.6362709652139814e-08,2.8446912037703588e-05,13,0.002397197123363452
SENSEX,HAR-X,5,0.0003681566077554569,9.572421210549328e-05,0.472752403113739,0.4809437261138013,0.922566371681416,-1.0097844956737674,0.9067108466404992,0.3257506352988564,0.0030657998356702475,4.902945683925546e-118,-1.7910450628251204,0.07350919380010867,0.0,0.0,3.434971311166819e-102,0.4304422498926577,1.690970488289527e-07,145.53942000005534,-5300.345708297046,7.712904458726135e-09,0.0012160996789720906,13,0.002397197123363452
SENSEX,HAR-X,10,0.0003402079924548533,8.752378181584024e-05,0.3554767142264928,0.47025477930798004,0.9255162241887905,-0.9924062449072519,0.9058532758398762,0.39856000865189845,0.0005417629732390049,1.1181762066912553e-151,-2.0349192772255553,0.042053318012542196,0.0,0.0,7.823649244242886e-68,0.3667811650207528,1.1234092207233373e-05,188.00067127243466,-4973.884466421052,3.2098690439040667e-09,0.16881533863461826,13,0.002397197123363452
SENSEX,HAR-X,21,0.00031635777161034216,8.66820531843492e-05,0.4056538235113596,0.49525566136535754,0.9085545722713865,-1.3006302343747251,0.8736341987583219,0.3740028066932233,6.461986758048448e-06,6.7388226224006955e-140,-2.31570790449688,0.02072291349170019,0.0,0.0,7.182354985564018e-19,0.3225943418730022,0.00012800804826140338,163.8488699794676,-4726.581307204632,6.332553777000887e-09,0.0076588292856543515,13,0.002397197123363452
SENSEX,HAR-X,63,0.00023242388052382618,9.19243582216217e-05,0.45504547337020707,0.5624888429615559,0.9255162241887905,-3.1786977526361233,0.6751418355760713,0.21621408691197808,2.648194017226765e-22,1.094287198955375e-73,-1.3146479505030286,0.18885071273918008,0.0,0.0,9.361499227424252e-06,-0.11728448070225655,0.1738825792397905,54.735650885369616,-4377.951621962289,1.7134545008180014e-08,4.0893334545652635e-18,13,0.002397197123363452
SENSEX,HAR-X,100,0.00016826484147788227,7.988315115569672e-05,0.32403727074465566,0.4963983783436432,0.9129793510324484,-4.007066169821616,0.5909871562814407,0.17813743083857214,3.880884011636311e-35,1.0672520987564117e-59,-2.016186817818362,0.04397746447520978,0.0,0.0,2.513147808578979e-19,-0.16822670674109055,0.05026394381752828,67.38312344831839,-4239.034650333152,1.6903774716567415e-08,4.9175854883988086e-29,13,0.002397197123363452
RUSSELL2000,HAR-X,1,0.0008606301953186566,0.00022432367218083916,2.948390099266574,1.13773698659615,0.6971307120085016,-0.6118991572340576,0.9342064164959079,0.10647105453455719,0.327973847961215,6.185579514655193e-48,-1.3700518743515335,0.1708342109141241,0.0,6.078160322044101e-189,2.1294531102628158e-42,0.2847117794486216,7.167191775604481e-05,348.75537583969856,-5558.330198779129,1.5160558498934174e-08,5.131402616515084e-06,13,0.0017273452032952432
RUSSELL2000,HAR-X,5,0.0005806643845325351,0.00015623150712006673,0.43495887670312944,1.0229505302078694,0.701912858660999,-0.8243905757769157,0.9032478968580241,0.40124793646890144,0.0003204388231682476,1.1883793333289944e-211,-1.3438042676612358,0.17917375811328662,0.0,0.0,2.446737969871871e-105,0.512902824436979,4.503790243447311e-14,375.86177318181115,1945.332347724542,1.9584655796725486e-08,1.3331916223659131e-17,13,0.0017273452032952432
RUSSELL2000,HAR-X,10,0.0005491351576303433,0.00014578725008169833,0.35414351066126143,1.0120275894956992,0.6976620616365569,-1.2236596073773562,0.8536444574484426,0.42215756917685066,2.7968634962156525e-09,3.569553427329999e-226,-1.0557150010507967,0.29123401509476254,0.0,0.0,9.560316990280236e-80,0.5075525693666791,9.071771486806172e-14,245.79083314445987,2445.3244585755774,2.2396739421178952e-08,3.838509922959692e-25,13,0.0017273452032952432
RUSSELL2000,HAR-X,21,0.0004763450138407959,0.00014153125788105028,0.46084886679401166,1.029927735803257,0.6865037194473964,-2.056427870055658,0.7538587811793653,0.3568093468345689,8.390083293196009e-23,2.1257463265446483e-182,-1.0615427838347202,0.2885795742901278,0.0,0.0,5.66484578373866e-56,0.2792993121100624,9.94222866218367e-05,34.649242119414225,2246.19768482248,2.3710126535641923e-08,1.0133699271266905e-32,13,0.0017273452032952432
RUSSELL2000,HAR-X,63,0.00036284304237716873,0.00014100218576466007,0.9609499150384049,1.1023684341617481,0.6354941551540914,-5.468876939764803,0.3560759662007968,0.08245308913668059,5.2663073275708416e-101,4.728785152037698e-37,0.6380571206579828,0.5235141645894652,0.0,0.0,2.1686255576946233e-36,-0.20248493574361434,0.005202107763222271,297.3313172091808,1741.0820479335587,2.981547444260324e-08,7.227837526772358e-65,13,0.0017273452032952432
RUSSELL2000,HAR-X,100,0.00031835276514643915,0.00013947057868555536,0.9310536243133044,1.1245730103529175,0.5786397449521785,-7.2645635896417655,0.14463678010122716,0.013520861396527195,2.3273317376498478e-153,4.23135047133604e-07,2.2021247790961618,0.027777461780904344,0.0,0.0,8.00535878895206e-51,-0.4953216374269006,4.2984022305122977e-13,429.1974152928747,1309.5487206387725,3.554544994089594e-08,1.4690031386148673e-95,13,0.0017273452032952432
SP500,HAR-X,1,0.0005724068262199101,0.0001409864805438898,3.839343634121984,0.7758470960854664,0.8022564102564103,0.26209518135358134,1.0263764582313433,0.14002452675999644,0.5099843836682503,7.238856778514806e-162,-1.9430385306406088,0.0520690071798946,0.0,0.0,9.441924912422282e-103,0.4768105304961072,4.540838879170457e-29,78.33421704930305,-7314.249751136132,1.592383596722013e-08,2.6310802035306066e-42,13,0.0006667008564541771
SP500,HAR-X,5,0.00048770126191050066,0.00010289942725300947,0.5928057546785158,0.6964137753275348,0.8332307692307692,-0.0814629489848266,0.9891646551889025,0.45886275596718173,0.5884044653219307,0.0,0.72343486406657,0.469447474472688,0.0,1.314303287348038e-113,2.999710846054327e-181,0.4808604115325942,1.3257120201781828e-29,193.43996608018833,-2097.1929269525626,1.6333941400499998e-08,6.530447209598238e-96,13,0.0006667008564541771
SP500,HAR-X,10,0.00036477808247269963,9.447801692971394e-05,0.4738847760586232,0.671290624560101,0.8393846153846154,-0.5181034570748677,0.9418054231658909,0.48826379352021376,0.00010462647272042662,0.0,-0.15572555479025918,0.8762558019612114,0.0,0.0,9.101037268277228e-197,0.4214062249276731,1.981608478095596e-22,165.67457121122678,-1904.7212169173106,1.3342276925590217e-08,1.0784781218385164e-80,13,0.0006667008564541771
SP500,HAR-X,21,0.0003022513874963077,9.262167605935599e-05,0.49128420594201777,0.6859896379361397,0.8342564102564103,-1.1561341152647036,0.8712451928898666,0.453533923560147,1.8209981885315306e-18,0.0,-1.660854592610707,0.09680697271585226,0.0,0.0,2.6729177514054866e-185,0.25534117364253456,1.0570210835279886e-08,116.51816701759523,-2094.873831633919,1.0723911690548746e-08,3.731154652744879e-59,13,0.0006667008564541771
SP500,HAR-X,63,0.0002468394958337754,9.271145391583062e-05,0.6698382163496113,0.7285347693983296,0.7874871794871795,-2.2500828358006473,0.7479389608218638,0.3157799911441431,8.569459480479386e-50,0.0,-2.0211888733297263,0.04331477601062517,0.0,0.0,5.63068730880786e-54,0.11143146324191633,0.013779393035760203,81.1113607470496,-2647.1279935057423,9.583011657262861e-09,2.691235990472302e-52,13,0.0006667008564541771
SP500,HAR-X,100,0.0002242356985732966,9.476378939819083e-05,0.7293798118885412,0.7660304186855145,0.7729230769230769,-3.260217969397714,0.6371003659520115,0.21677684878250203,2.55968734791041e-84,6.946278631518058e-261,-1.1462868820289893,0.2517327414730224,0.0,0.0,3.8310639671124034e-33,0.13358267380743755,0.003110196794466754,71.1916463025726,-2785.2529416341713,1.0715420743591042e-08,2.715873916045831e-67,13,0.0006667008564541771
HANG_SENG_CHINA_ENT,HAR-X,1,0.0008969463044609783,0.00026604126983862715,3.3567058842926594,0.4524326774720133,0.8462033462033463,-1.255015853955911,0.8753414445379906,0.047099812899093596,0.19871623648619582,5.07253924257018e-18,-0.45795363818602425,0.6470498166433905,0.0,2.837726166092661e-09,0.00015856388888562778,0.24242069826618826,0.0022953043163403673,7.730812808392558,-8534.14589013842,1.412030183278575e-08,0.38903995567421734,13,0.0020927237604636186
HANG_SENG_CHINA_ENT,HAR-X,5,0.00046481051654857395,0.00018070751940108524,0.43804720580033063,0.39463025512526073,0.8835263835263836,-1.2471387073140587,0.8567699088202323,0.2411570979071942,0.0001878717452139462,4.095012299478638e-95,-4.8815961143978415,1.160636077024435e-06,0.0,0.0,2.0136502956223856e-11,0.2525011458646141,0.0014724147168861613,6.987221138375564,-5585.55076963332,3.9672357924519333e-08,3.506323596977121e-05,13,0.0020927237604636186
HANG_SENG_CHINA_ENT,HAR-X,10,0.000372111915059323,0.00016687555462977706,0.33077746721333523,0.39346726733575066,0.8783783783783784,-1.7378453569227807,0.7988589102301804,0.2697397920100105,1.1288240474499656e-09,4.454965294257312e-108,-4.127430330861387,3.8631396347188485e-05,0.0,0.0,1.7550470073526757e-12,0.06588800556337025,0.41380790691872726,3.418412918654728,-5013.272160776184,6.046359774553839e-08,1.1659780103248377e-13,13,0.0020927237604636186
HANG_SENG_CHINA_ENT,HAR-X,21,0.0002965803000987413,0.0001625393884512087,0.292992985013537,0.4124876189279291,0.8693693693693694,-2.5938462851608524,0.6958262248528437,0.23688033409539955,9.28058853695236e-22,3.2371069956199683e-93,-3.3943612486358203,0.0007052096474211567,0.0,0.0,8.098956802689721e-14,-0.4650535000237075,9.57238114386972e-10,25.767880542874916,-4592.964756010432,8.061583772829197e-08,1.372073413646292e-33,13,0.0020927237604636186
HANG_SENG_CHINA_ENT,HAR-X,63,0.0002363294602561389,0.00016586666871500587,0.2621411140426437,0.45453794204668446,0.7702702702702703,-5.064770305447203,0.39314482216147,0.08796217584502086,3.2459807989294033e-72,6.329899189248801e-33,-2.163984209052681,0.03061759027478006,1.7379567530790456e-38,0.0,3.836866969741727e-30,0.010813800951462754,0.8934168175960729,39.97531579111959,-4173.892856344052,1.1975775274842498e-07,2.6289625196583287e-115,13,0.0020927237604636186
HANG_SENG_CHINA_ENT,HAR-X,100,0.0002057134792010573,0.00015361078247120885,0.20764611054805052,0.4319806077968154,0.7676962676962676,-5.673848500994911,0.31454061072739214,0.06364661829609164,1.9574836324319503e-96,5.4675135407368876e-24,-2.323330423391565,0.02028998338139254,2.3768724645290847e-13,0.0,9.835221387120455e-51,-0.32491346746534744,3.497679643510276e-05,27.498737338152498,-4004.527127294443,1.2723869389837674e-07,3.808523211467094e-166,13,0.0020927237604636186
NIKKEI225,HAR-X,1,0.0005655957884195296,0.0001614621817080784,3.3506467410004785,0.8190763636894158,0.7594035920027109,-1.2316708893205588,0.8921159134571852,0.06166430665740141,0.06250073775784856,1.0281529792077031e-42,-0.33428518329245505,0.738188132692331,0.0,4.282849139121059e-91,1.6153469700567369e-37,0.30819084390512963,6.555073070454589e-08,184.8656365149692,-7251.276898857899,3.4132450101319487e-10,0.8648668411291667,13,0.0011015082189459414
NIKKEI225,HAR-X,5,0.00034650367178677217,0.00012122748247565301,0.5403567806341444,0.8080483942435194,0.7333107421213149,-1.760107380304319,0.8195706404330806,0.21311025681782114,4.624729944023994e-11,1.0647425918718118e-155,-0.5092836874459596,0.6105914817478713,0.0,0.0,1.4171677340788005e-42,0.22196471809062612,0.00012092362720700859,8.043051996936802,-1738.162623352221,1.5891785819384642e-08,2.6130974839426625e-37,13,0.0011015082189459414
NIKKEI225,HAR-X,10,0.00027684901711556056,0.00010820032722229176,0.39049804818026745,0.7760385746378599,0.7272111148763131,-2.097641743457094,0.7760114522968801,0.2396786207715379,1.612257140515549e-19,1.0166245732176709e-177,-0.05036472904871066,0.9598351525354025,0.0,0.0,5.910834927244931e-79,0.16607505118401006,0.004233592701149178,87.34127186462165,-1010.039326188472,1.6157649083606118e-08,7.360749770353089e-52,13,0.0011015082189459414
NIKKEI225,HAR-X,21,0.00022121181124042045,0.00010063591385570849,0.32396682972917507,0.7707818371517917,0.7190782785496442,-2.4930473836743996,0.7283757207372689,0.2282826177468611,5.801106438151353e-29,3.504054325863366e-168,0.5006882356418085,0.61662790519176,0.0,0.0,5.436478816385556e-100,0.035668944627782403,0.5417111294791254,300.63537974906995,-514.6013869711113,1.7466913659295075e-08,4.127732649328748e-74,13,0.0011015082189459414
NIKKEI225,HAR-X,63,0.00014597018944373242,9.070797624124821e-05,0.24649897291215062,0.7775973819131504,0.6397831243646221,-3.553500862449644,0.6066658407124014,0.12187077469079532,4.181460371112443e-40,2.5117071019337597e-85,1.8566885876942156,0.06345509278568584,0.0,0.0,4.1603765946137235e-22,-0.1707246160030664,0.00326661404115163,391.0722964722166,118.235253479034,1.8774228274350692e-08,4.962069233736405e-84,13,0.0011015082189459414
NIKKEI225,HAR-X,100,0.00012168743232415849,8.501693734647109e-05,0.20385824541297495,0.7800921107016278,0.5974246018298882,-4.9237006431215695,0.44827914609529623,0.06376834113260199,1.8443777013352308e-67,3.6926511931999484e-44,2.6334920709651213,0.008495303277895383,5.5561688395785985e-244,0.0,4.875101731637671e-15,-0.3780955808800846,1.8494870457200133e-11,385.2164832816624,561.8639520842854,2.087126351122559e-08,2.1894926720391064e-109,13,0.0011015082189459414
NIFTY50,HAR-X,1,0.0002091648643632111,7.19760248528319e-05,3.9112051090317093,0.3158675719819773,0.8928150765606596,-4.320480620895864,0.6161143863590597,0.021678527573162687,0.005839830969151355,1.6526843977643303e-05,-3.0150365005317448,0.002646068944693658,0.0,3.326455109111951e-14,1.2669224270311325e-16,0.26333789329685364,0.014889588607536594,414.24364206632833,-8907.536068358917,4.957229699764948e-09,0.02944824184200976,13,0.003829160530191458
NIFTY50,HAR-X,5,0.00011308620242350444,5.079509077462761e-05,0.501776709566541,0.2841078405380906,0.9257950530035336,-4.095125471189212,0.5957780394839862,0.10529390804921046,6.1075341345320645e-12,2.8778782257762594e-22,-5.862349692279028,6.532656193769526e-09,0.0,3.206867301689809e-187,0.005296014015637239,-0.041274184092241546,0.7076197048799625,224.0105576167413,-6569.3056007045025,5.787845165184548e-09,7.051563488730375e-06,13,0.003829160530191458
NIFTY50,HAR-X,10,8.665840844020013e-05,4.534609837353945e-05,0.33235525742042954,0.26886066405235887,0.9128386336866903,-3.892386052948625,0.6108550192997815,0.1485893138167197,4.317993363416447e-15,1.8318948295342344e-31,-6.65107018457048,5.211275855288022e-11,0.0,0.0,0.000984394340716754,-0.20291186241938636,0.06253524517200888,191.61177491961342,-6092.025855298979,6.365882361528912e-09,7.717251503735357e-10,13,0.003829160530191458
NIFTY50,HAR-X,21,6.583837342862633e-05,4.027779243242344e-05,0.22834074897497303,0.25091477911905874,0.9093050647820966,-4.025839318587606,0.5947997367763522,0.165335851262165,4.384674245567512e-19,3.8580841847237144e-35,-8.899059998464795,0.0,0.0,0.0,7.867571531794716e-15,-0.2317373461012312,0.03284112997988896,117.71602517980723,-5735.748203965407,6.670753163447251e-09,1.1827324590373039e-15,13,0.003829160530191458
NIFTY50,HAR-X,63,4.61457394635426e-05,3.627841797707532e-05,0.1486997367202609,0.24199530950274364,0.950530035335689,-4.8575778764699,0.5125755201934838,0.13409059190183337,1.2016748514854767e-28,2.457616938867151e-28,-15.883259701168848,0.0,8.901065191330678e-15,0.0,3.52393298807352e-50,0.46730506155950746,6.519922343526449e-06,43.87645623376607,-5149.227878403822,6.464799223701544e-09,5.970120099984039e-26,13,0.003829160530191458
NIFTY50,HAR-X,100,4.45003543110194e-05,3.527437442488182e-05,0.13671773982887644,0.2459865263479857,0.9599528857479388,-5.152515739677053,0.4865013640551379,0.12192575342803447,4.200579219523305e-32,9.477490818495618e-26,-19.838018967994987,0.0,6.611944550875583e-14,0.0,2.751113253790399e-70,0.43783466875122146,2.7839143145753537e-05,76.73590686638687,-4801.708913925601,6.147942761921241e-09,1.6257782593709873e-29,13,0.003829160530191458
STI_SINGAPORE,HAR-X,1,0.0002885077255364133,6.924777891678473e-05,2.996361173291035,0.3897171523536044,0.8920086393088553,-1.0620366074137049,0.9201977457324914,0.05738425770937128,0.26997629828572023,1.3954548098357925e-25,-2.931450934712712,0.0034152130664582003,0.0,7.545762050381065e-163,7.300229805203004e-43,0.35267915837175795,7.931565393982367e-07,242.93616389316713,-8606.430446003878,-1.3991819051531155e-09,0.17780845797712583,13,0.0017558076715289033
STI_SINGAPORE,HAR-X,5,0.00016366920596216645,5.2947972492598995e-05,0.5972827329661279,0.3780036675129141,0.9303455723542117,-2.6307166527192862,0.7565412006712611,0.1724502438892096,1.1944309487071023e-11,4.0588394462066036e-78,-2.015309107946235,0.04401657401314929,0.0,0.0,4.303501806455374e-58,0.3140813748024374,1.2676902131073345e-05,633.7621555717722,-5860.095315388053,-2.1224394167653334e-11,0.9733340414138723,13,0.0017558076715289033
STI_SINGAPORE,HAR-X,10,0.00014789066003447333,5.135315101308069e-05,0.45385966133943806,0.39126444581222825,0.9303455723542117,-3.5518105859879427,0.6582524374025116,0.169834643828631,1.0558848468620218e-25,7.575371027401373e-77,-2.1987662268561703,0.02801788671188543,0.0,0.0,3.285602523671414e-69,0.3277603979691266,4.954463447584687e-06,581.0800836499483,-5407.098839023939,7.197843025179404e-10,0.2384159600990421,13,0.0017558076715289033
STI_SINGAPORE,HAR-X,21,0.00013879120791188463,5.056859001301727e-05,0.39167365540127075,0.410308713572545,0.9314254859611231,-4.622325638463847,0.54436590460721,0.12241148198134877,2.875795280685758e-42,1.8485523592579355e-54,-2.8226372028838296,0.004813957687188619,0.0,0.0,1.729671716779445e-26,0.1442619435029302,0.049472636303498733,379.24617819245066,-5182.065394287681,2.835138301640979e-09,8.538698158996849e-06,13,0.0017558076715289033
STI_SINGAPORE,HAR-X,63,0.00010472768878824064,4.882328350221822e-05,0.3832203044639243,0.4505868814408275,0.9136069114470843,-7.016693779531398,0.289806685757277,0.032898027580389066,1.2169873708044969e-80,3.672144998491347e-15,-3.5638143382374214,0.0003747668765903267,0.0,0.0,4.005220749485276e-06,-0.17591857857512505,0.016314755700853254,96.06353973240181,-4764.832766146917,6.4631165268510235e-09,2.1483464760610735e-29,13,0.0017558076715289033
STI_SINGAPORE,HAR-X,100,9.276469796174971e-05,4.980780795305258e-05,0.33103464136357996,0.49104919009842535,0.906047516198704,-7.771025482386521,0.20740822569296372,0.017213548905018028,5.245287165168279e-98,1.4541075648737446e-08,-3.173029778559132,0.001533332401558507,0.0,0.0,8.883920565720463e-12,0.11886576934015264,0.1061118970930194,50.478397061861,-4526.786518597116,8.3923735120931e-09,7.066131592070187e-56,13,0.0017558076715289033
DJIA,HAR-X,1,0.0007415419228213582,0.0001435946277885252,3.9002652305686096,1.0356015698129937,0.7890625,0.5361573130275673,1.044382202868979,0.12596355774815982,0.46786400155203056,1.414791592895053e-50,-1.440601719077415,0.14988547448174483,0.0,1.4769731425110925e-307,1.8269074991103276e-59,0.3207019695548662,2.3850784984056357e-05,334.35581632068636,-7295.053363481505,5.97288916277067e-09,0.004820917372545832,13,0.001953712052900511
DJIA,HAR-X,5,0.0022837435428149067,0.00016855961609131572,0.6112596003850135,1.6127302010292315,0.7992788461538461,-0.9207125712335871,0.9007234320881345,0.39104267325955033,0.0006711248071480177,3.067060915987764e-181,1.0007629378214822,0.31708702307675196,0.0,8.441225547989727e-33,3.5703973707668875e-109,0.4378265843528091,3.2807316830305322e-09,261.5183847396502,4583.487629794114,1.7121009649946513e-08,2.093797810645404e-28,13,0.001953712052900511
DJIA,HAR-X,10,0.0008549386552211736,0.00011953315690655215,0.49900211979423253,1.2206370264484636,0.8155048076923077,-0.9980301787644773,0.8901421822404383,0.4156721369604621,7.002277700858738e-05,3.7449726028018827e-196,0.944975553937636,0.3448086291401906,0.0,3.1423501127857093e-78,6.51297692407668e-118,0.33608686241973884,8.977675442196193e-06,285.5069212831907,890.7815769266597,1.5482370828660744e-08,1.2868621351739175e-29,13,0.001953712052900511
DJIA,HAR-X,21,0.00041807413434798976,0.0001034474535852756,0.6131103886817019,1.1077665786314823,0.8137019230769231,-1.433977945233127,0.8419891880053776,0.35724645492644,7.357477815792032e-08,9.990112155499718e-162,-0.9106366132891924,0.36261884260348687,0.0,0.0,2.6275901269557294e-68,0.12299926824492152,0.11328903565473517,312.86506707936877,-1031.1536897367641,1.0688414781096586e-08,7.036847520823739e-18,13,0.001953712052900511
DJIA,HAR-X,63,0.00029639361837095285,9.883335976590936e-05,1.0336591285102275,1.142526550326205,0.7896634615384616,-3.7718035486511927,0.5911997594386806,0.1470820987138619,3.9129511257860113e-29,1.9506824492062315e-59,-0.25346803047552624,0.7999378932258574,0.0,0.0,1.6144324963156738e-07,-0.2178491553897369,0.004682007797155244,111.21480923342442,-1440.5320527200888,1.0828506419803407e-08,9.000535916901945e-23,13,0.001953712052900511
DJIA,HAR-X,100,0.0002561429380275384,0.00010016150433481517,1.076402248255278,1.2131532905683962,0.7235576923076923,-5.496389233536323,0.40389667350355235,0.05779545849211498,1.7537855858639912e-45,2.637014329331804e-23,1.398306190986538,0.16220758142117186,0.0,0.0,2.382228085918206e-19,-0.32474208210085853,1.8547250874025845e-05,112.34778349394458,-1525.6147902262921,1.3677668691493897e-08,5.6815887851690685e-39,13,0.001953712052900511
