ticker,thr,TPR,FPR_per_day,mean_delay_days,n_windows,true_positives,false_positives
AEX_NETHERLANDS,0.05,1.0,0.6507211538461538,-9.2,20,20,2707
AEX_NETHERLANDS,0.1,1.0,0.6139423076923077,-9.2,20,20,2554
AEX_NETHERLANDS,0.15,1.0,0.5935096153846153,-9.2,20,20,2469
AEX_NETHERLANDS,0.2,1.0,0.5752403846153846,-9.2,20,20,2393
AEX_NETHERLANDS,0.25,1.0,0.5629807692307692,-9.05,20,20,2342
AEX_NETHERLANDS,0.3,1.0,0.5521634615384615,-9.05,20,20,2297
AEX_NETHERLANDS,0.35,1.0,0.541826923076923,-9.05,20,20,2254
AEX_NETHERLANDS,0.39999999999999997,1.0,0.5288461538461539,-9.05,20,20,2200
AEX_NETHERLANDS,0.44999999999999996,1.0,0.51875,-9.05,20,20,2158
AEX_NETHERLANDS,0.49999999999999994,1.0,0.5110576923076923,-9.05,20,20,2126
AEX_NETHERLANDS,0.5499999999999999,1.0,0.5045673076923077,-8.95,20,20,2099
AEX_NETHERLANDS,0.6,1.0,0.49447115384615387,-8.95,20,20,2057
AEX_NETHERLANDS,0.65,1.0,0.4858173076923077,-8.9,20,20,2021
AEX_NETHERLANDS,0.7,1.0,0.4757211538461538,-8.7,20,20,1979
AEX_NETHERLANDS,0.75,1.0,0.46298076923076925,-8.45,20,20,1926
AEX_NETHERLANDS,0.7999999999999999,1.0,0.4478365384615385,-7.8,20,20,1863
AEX_NETHERLANDS,0.85,1.0,0.4338942307692308,-7.2,20,20,1805
AEX_NETHERLANDS,0.9,1.0,0.4170673076923077,-7.2,20,20,1735
AEX_NETHERLANDS,0.95,1.0,0.38485576923076925,-6.3,20,20,1601
CAC40_FRANCE,0.05,1.0,0.6424592120970951,-9.583333333333334,24,24,3229
CAC40_FRANCE,0.1,1.0,0.6062475129327497,-9.458333333333334,24,24,3047
CAC40_FRANCE,0.15,1.0,0.5813768404297652,-9.458333333333334,24,24,2922
CAC40_FRANCE,0.2,1.0,0.5650616792678074,-9.416666666666666,24,24,2840
CAC40_FRANCE,0.25,1.0,0.5509351372861122,-9.416666666666666,24,24,2769
CAC40_FRANCE,0.3,1.0,0.5382013529645842,-9.291666666666666,24,24,2705
CAC40_FRANCE,0.35,1.0,0.5274572224432948,-9.291666666666666,24,24,2651
CAC40_FRANCE,0.39999999999999997,1.0,0.5189017111022682,-9.291666666666666,24,24,2608
CAC40_FRANCE,0.44999999999999996,1.0,0.5105451651412655,-9.291666666666666,24,24,2566
CAC40_FRANCE,0.49999999999999994,1.0,0.5019896538002387,-9.208333333333334,24,24,2523
CAC40_FRANCE,0.5499999999999999,1.0,0.493633107839236,-9.208333333333334,24,24,2481
CAC40_FRANCE,0.6,1.0,0.48388380421806604,-9.0,24,24,2432
CAC40_FRANCE,0.65,1.0,0.4729407083167529,-8.958333333333334,24,24,2377
CAC40_FRANCE,0.7,1.0,0.4627934739355352,-8.916666666666666,24,24,2326
CAC40_FRANCE,0.75,1.0,0.4520493434142459,-8.916666666666666,24,24,2272
CAC40_FRANCE,0.7999999999999999,1.0,0.4403103859928372,-8.916666666666666,24,24,2213
CAC40_FRANCE,0.85,1.0,0.4249900517309988,-7.333333333333333,24,24,2136
CAC40_FRANCE,0.9,1.0,0.4037007560684441,-7.0,24,24,2029
CAC40_FRANCE,0.95,1.0,0.3758456028651015,-6.208333333333333,24,24,1889
DAX_GERMANY,0.05,1.0,0.7112473653956697,-10.384615384615385,13,13,3712
DAX_GERMANY,0.1,1.0,0.6721594175129335,-10.384615384615385,13,13,3508
DAX_GERMANY,0.15,1.0,0.6464840007664303,-10.307692307692308,13,13,3374
DAX_GERMANY,0.2,1.0,0.6248323433607971,-10.307692307692308,13,13,3261
DAX_GERMANY,0.25,1.0,0.6093121287602989,-10.23076923076923,13,13,3180
DAX_GERMANY,0.3,1.0,0.5955163824487449,-9.76923076923077,13,13,3108
DAX_GERMANY,0.35,1.0,0.5803793830235677,-9.692307692307692,13,13,3029
DAX_GERMANY,0.39999999999999997,1.0,0.5683081050009581,-9.692307692307692,13,13,2966
DAX_GERMANY,0.44999999999999996,1.0,0.558152902854953,-9.692307692307692,13,13,2913
DAX_GERMANY,0.49999999999999994,1.0,0.5481893082966085,-9.692307692307692,13,13,2861
DAX_GERMANY,0.5499999999999999,1.0,0.5412914351408316,-9.692307692307692,13,13,2825
DAX_GERMANY,0.6,1.0,0.5292201571182219,-9.692307692307692,13,13,2762
DAX_GERMANY,0.65,1.0,0.5186817397968959,-9.692307692307692,13,13,2707
DAX_GERMANY,0.7,1.0,0.5064188541866258,-9.692307692307692,13,13,2643
DAX_GERMANY,0.75,1.0,0.4924315002874114,-8.846153846153847,13,13,2570
DAX_GERMANY,0.7999999999999999,1.0,0.47652807051159224,-8.076923076923077,13,13,2487
DAX_GERMANY,0.85,1.0,0.46254071661237783,-7.230769230769231,13,13,2414
DAX_GERMANY,0.9,1.0,0.4433799578463307,-7.230769230769231,13,13,2314
DAX_GERMANY,0.95,1.0,0.4086989844797854,-5.384615384615385,13,13,2133
DJIA,0.05,1.0,0.6443745082612117,-10.11111111111111,9,9,4095
DJIA,0.1,1.0,0.6026750590086546,-10.11111111111111,9,9,3830
DJIA,0.15,1.0,0.5767112509834775,-9.666666666666666,9,9,3665
DJIA,0.2,1.0,0.5559402045633359,-9.222222222222221,9,9,3533
DJIA,0.25,1.0,0.5351691581431943,-9.222222222222221,9,9,3401
DJIA,0.3,1.0,0.5213217938631,-9.222222222222221,9,9,3313
DJIA,0.35,1.0,0.505428796223446,-8.555555555555555,9,9,3212
DJIA,0.39999999999999997,1.0,0.4950432730133753,-8.555555555555555,9,9,3146
DJIA,0.44999999999999996,1.0,0.4845003933910307,-8.555555555555555,9,9,3079
DJIA,0.49999999999999994,1.0,0.4752163650668765,-8.555555555555555,9,9,3020
DJIA,0.5499999999999999,1.0,0.46278520849724625,-8.555555555555555,9,9,2941
DJIA,0.6,1.0,0.45098347757671126,-8.555555555555555,9,9,2866
DJIA,0.65,1.0,0.43808025177025967,-8.555555555555555,9,9,2784
DJIA,0.7,1.0,0.425963808025177,-8.555555555555555,9,9,2707
DJIA,0.75,1.0,0.4147915027537372,-8.555555555555555,9,9,2636
DJIA,0.7999999999999999,1.0,0.4006294256490952,-8.555555555555555,9,9,2546
DJIA,0.85,1.0,0.383477576711251,-8.555555555555555,9,9,2437
DJIA,0.9,1.0,0.36097560975609755,-8.555555555555555,9,9,2294
DJIA,0.95,1.0,0.3310778914240755,-8.444444444444445,9,9,2104
EUROSTOXX50,0.05,1.0,0.6273448773448773,-10.133333333333333,15,15,1739
EUROSTOXX50,0.1,1.0,0.579004329004329,-9.666666666666666,15,15,1605
EUROSTOXX50,0.15,1.0,0.5440115440115441,-9.533333333333333,15,15,1508
EUROSTOXX50,0.2,1.0,0.5151515151515151,-9.4,15,15,1428
EUROSTOXX50,0.25,1.0,0.49422799422799424,-9.4,15,15,1370
EUROSTOXX50,0.3,1.0,0.47763347763347763,-9.2,15,15,1324
EUROSTOXX50,0.35,1.0,0.46320346320346323,-9.2,15,15,1284
EUROSTOXX50,0.39999999999999997,1.0,0.45021645021645024,-9.2,15,15,1248
EUROSTOXX50,0.44999999999999996,1.0,0.43722943722943725,-9.2,15,15,1212
EUROSTOXX50,0.49999999999999994,1.0,0.4274891774891775,-9.2,15,15,1185
EUROSTOXX50,0.5499999999999999,1.0,0.4116161616161616,-9.2,15,15,1141
EUROSTOXX50,0.6,1.0,0.39754689754689754,-8.533333333333333,15,15,1102
EUROSTOXX50,0.65,1.0,0.38636363636363635,-8.466666666666667,15,15,1071
EUROSTOXX50,0.7,1.0,0.373015873015873,-8.266666666666667,15,15,1034
EUROSTOXX50,0.75,1.0,0.3528138528138528,-8.266666666666667,15,15,978
EUROSTOXX50,0.7999999999999999,1.0,0.33585858585858586,-8.266666666666667,15,15,931
EUROSTOXX50,0.85,1.0,0.31962481962481964,-8.0,15,15,886
EUROSTOXX50,0.9,1.0,0.29473304473304474,-7.4,15,15,817
EUROSTOXX50,0.95,1.0,0.2554112554112554,-6.133333333333334,15,15,708
HANG_SENG_CHINA_ENT,0.05,1.0,0.7434869739478958,-10.4,20,20,371
HANG_SENG_CHINA_ENT,0.1,1.0,0.7234468937875751,-10.4,20,20,361
HANG_SENG_CHINA_ENT,0.15,1.0,0.6913827655310621,-10.35,20,20,345
HANG_SENG_CHINA_ENT,0.2,1.0,0.6793587174348698,-10.35,20,20,339
HANG_SENG_CHINA_ENT,0.25,1.0,0.6613226452905812,-10.35,20,20,330
HANG_SENG_CHINA_ENT,0.3,1.0,0.6452905811623246,-10.35,20,20,322
HANG_SENG_CHINA_ENT,0.35,1.0,0.6392785571142284,-10.25,20,20,319
HANG_SENG_CHINA_ENT,0.39999999999999997,1.0,0.6212424849699398,-10.05,20,20,310
HANG_SENG_CHINA_ENT,0.44999999999999996,1.0,0.6112224448897795,-10.05,20,20,305
HANG_SENG_CHINA_ENT,0.49999999999999994,1.0,0.593186372745491,-10.05,20,20,296
HANG_SENG_CHINA_ENT,0.5499999999999999,1.0,0.5871743486973948,-10.05,20,20,293
HANG_SENG_CHINA_ENT,0.6,1.0,0.5751503006012024,-10.05,20,20,287
HANG_SENG_CHINA_ENT,0.65,1.0,0.5651302605210421,-10.05,20,20,282
HANG_SENG_CHINA_ENT,0.7,1.0,0.5531062124248497,-10.05,20,20,276
HANG_SENG_CHINA_ENT,0.75,1.0,0.5410821643286573,-10.05,20,20,270
HANG_SENG_CHINA_ENT,0.7999999999999999,1.0,0.5290581162324649,-10.05,20,20,264
HANG_SENG_CHINA_ENT,0.85,1.0,0.5150300601202404,-10.05,20,20,257
HANG_SENG_CHINA_ENT,0.9,1.0,0.4909819639278557,-9.85,20,20,245
HANG_SENG_CHINA_ENT,0.95,1.0,0.4529058116232465,-9.75,20,20,226
HANG_SENG,0.05,1.0,0.6203653463555797,-56.04651162790697,43,43,3430
HANG_SENG,0.1,1.0,0.5751492132392838,-55.604651162790695,43,43,3180
HANG_SENG,0.15,1.0,0.5521794176162055,-55.48837209302326,43,43,3053
HANG_SENG,0.2,1.0,0.5362633387592693,-55.46511627906977,43,43,2965
HANG_SENG,0.25,1.0,0.5203472599023331,-55.27906976744186,43,43,2877
HANG_SENG,0.3,1.0,0.5058780973051185,-55.27906976744186,43,43,2797
HANG_SENG,0.35,1.0,0.49394103816241636,-55.27906976744186,43,43,2731
HANG_SENG,0.39999999999999997,1.0,0.4830891662145053,-55.27906976744186,43,43,2671
HANG_SENG,0.44999999999999996,1.0,0.47368421052631576,-55.27906976744186,43,43,2619
HANG_SENG,0.49999999999999994,1.0,0.46337493217580034,-55.04651162790697,43,43,2562
HANG_SENG,0.5499999999999999,1.0,0.4546934346174715,-55.02325581395349,43,43,2514
HANG_SENG,0.6,1.0,0.4447458853318864,-54.95348837209303,43,43,2459
HANG_SENG,0.65,1.0,0.43443660698137093,-54.93023255813954,43,43,2402
HANG_SENG,0.7,1.0,0.42340387050099476,-54.93023255813954,43,43,2341
HANG_SENG,0.75,1.0,0.4127328630855489,-54.93023255813954,43,43,2282
HANG_SENG,0.7999999999999999,1.0,0.40170012660517274,-54.93023255813954,43,43,2221
HANG_SENG,0.85,1.0,0.3861457768131669,-54.51162790697674,43,43,2135
HANG_SENG,0.9,1.0,0.3658889491770664,-54.51162790697674,43,43,2023
HANG_SENG,0.95,1.0,0.33496111412552,-54.30232558139535,43,43,1852
NASDAQ,0.05,1.0,0.6936825885978428,-9.8,10,10,4502
NASDAQ,0.1,1.0,0.6570107858243451,-9.8,10,10,4264
NASDAQ,0.15,1.0,0.6332819722650231,-9.8,10,10,4110
NASDAQ,0.2,1.0,0.6187981510015408,-9.7,10,10,4016
NASDAQ,0.25,1.0,0.6036979969183359,-9.6,10,10,3918
NASDAQ,0.3,1.0,0.5882896764252696,-9.1,10,10,3818
NASDAQ,0.35,1.0,0.5756548536209554,-9.1,10,10,3736
NASDAQ,0.39999999999999997,1.0,0.5645608628659476,-8.8,10,10,3664
NASDAQ,0.44999999999999996,1.0,0.5545454545454546,-8.8,10,10,3599
NASDAQ,0.49999999999999994,1.0,0.5445300462249615,-8.8,10,10,3534
NASDAQ,0.5499999999999999,1.0,0.5354391371340523,-8.8,10,10,3475
NASDAQ,0.6,1.0,0.5251155624036979,-8.8,10,10,3408
NASDAQ,0.65,1.0,0.5134052388289676,-8.8,10,10,3332
NASDAQ,0.7,1.0,0.5016949152542373,-8.8,10,10,3256
NASDAQ,0.75,1.0,0.49075500770416025,-8.8,10,10,3185
NASDAQ,0.7999999999999999,1.0,0.47534668721109397,-8.8,10,10,3085
NASDAQ,0.85,1.0,0.45716486902927583,-8.7,10,10,2967
NASDAQ,0.9,1.0,0.43559322033898307,-8.7,10,10,2827
NASDAQ,0.95,1.0,0.4052388289676425,-5.8,10,10,2630
NIFTY50,0.05,1.0,0.6581861718048488,-8.8,5,5,2199
NIFTY50,0.1,1.0,0.6201736007183478,-8.0,5,5,2072
NIFTY50,0.15,1.0,0.5944328045495361,-6.4,5,5,1986
NIFTY50,0.2,1.0,0.5779706674648308,-6.4,5,5,1931
NIFTY50,0.25,1.0,0.565100269380425,-5.8,5,5,1888
NIFTY50,0.3,1.0,0.5501346902125113,-5.8,5,5,1838
NIFTY50,0.35,1.0,0.5372642921281053,-5.8,5,5,1795
NIFTY50,0.39999999999999997,1.0,0.5315773720442981,-5.8,5,5,1776
NIFTY50,0.44999999999999996,1.0,0.5202035318766837,-5.8,5,5,1738
NIFTY50,0.49999999999999994,1.0,0.5115234959592936,-5.8,5,5,1709
NIFTY50,0.5499999999999999,1.0,0.5007482789583957,-5.6,5,5,1673
NIFTY50,0.6,1.0,0.48997306195749774,-5.6,5,5,1637
NIFTY50,0.65,1.0,0.47889853337324156,-5.6,5,5,1600
NIFTY50,0.7,1.0,0.4672253816222688,-5.6,5,5,1561
NIFTY50,0.75,1.0,0.4579467225381622,-5.6,5,5,1530
NIFTY50,0.7999999999999999,1.0,0.4444777012870398,-5.6,5,5,1485
NIFTY50,0.85,1.0,0.4268183178689015,-5.6,5,5,1426
NIFTY50,0.9,1.0,0.40676444178389703,-5.2,5,5,1359
NIFTY50,0.95,1.0,0.3750374139479198,-4.8,5,5,1253
NIKKEI225,0.05,1.0,0.6385099685204617,-7.9,10,10,1217
NIKKEI225,0.1,1.0,0.602308499475341,-7.8,10,10,1148
NIKKEI225,0.15,1.0,0.5818467995802729,-7.8,10,10,1109
NIKKEI225,0.2,1.0,0.561909758656873,-6.0,10,10,1071
NIKKEI225,0.25,1.0,0.5503672612801679,-5.9,10,10,1049
NIKKEI225,0.3,1.0,0.540398740818468,-5.9,10,10,1030
NIKKEI225,0.35,1.0,0.5267576075550892,-5.9,10,10,1004
NIKKEI225,0.39999999999999997,1.0,0.5178384050367262,-5.9,10,10,987
NIKKEI225,0.44999999999999996,1.0,0.5110178384050367,-5.9,10,10,974
NIKKEI225,0.49999999999999994,1.0,0.5036726128016789,-5.9,10,10,960
NIKKEI225,0.5499999999999999,1.0,0.49737670514165794,-5.0,10,10,948
NIKKEI225,0.6,1.0,0.48898216159496327,-5.0,10,10,932
NIKKEI225,0.65,1.0,0.47848898216159497,-5.0,10,10,912
NIKKEI225,0.7,1.0,0.4727177334732424,-5.0,10,10,901
NIKKEI225,0.75,1.0,0.4653725078698846,-5.0,10,10,887
NIKKEI225,0.7999999999999999,1.0,0.45435466946484787,-5.0,10,10,866
NIKKEI225,0.85,1.0,0.44491080797481636,-5.0,10,10,848
NIKKEI225,0.9,1.0,0.4233997901364113,-5.0,10,10,807
NIKKEI225,0.95,1.0,0.39716684155299053,-3.9,10,10,757
RUSSELL2000,0.05,1.0,0.710984230560087,-10.153846153846153,13,13,5230
RUSSELL2000,0.1,1.0,0.6648994018488309,-9.461538461538462,13,13,4891
RUSSELL2000,0.15,1.0,0.6374388254486134,-9.153846153846153,13,13,4689
RUSSELL2000,0.2,1.0,0.6169113648722132,-9.153846153846153,13,13,4538
RUSSELL2000,0.25,1.0,0.6031810766721044,-9.153846153846153,13,13,4437
RUSSELL2000,0.3,1.0,0.5867319195214791,-9.153846153846153,13,13,4316
RUSSELL2000,0.35,1.0,0.5727297444263186,-9.153846153846153,13,13,4213
RUSSELL2000,0.39999999999999997,1.0,0.5594072865687874,-9.153846153846153,13,13,4115
RUSSELL2000,0.44999999999999996,1.0,0.546220772158782,-9.153846153846153,13,13,4018
RUSSELL2000,0.49999999999999994,1.0,0.5352093529091898,-8.076923076923077,13,13,3937
RUSSELL2000,0.5499999999999999,1.0,0.5221587819467102,-8.076923076923077,13,13,3841
RUSSELL2000,0.6,1.0,0.5110114192495921,-8.076923076923077,13,13,3759
RUSSELL2000,0.65,1.0,0.49945622620989666,-8.076923076923077,13,13,3674
RUSSELL2000,0.7,1.0,0.48694942903752036,-8.076923076923077,13,13,3582
RUSSELL2000,0.75,1.0,0.47457857531266995,-8.0,13,13,3491
RUSSELL2000,0.7999999999999999,1.0,0.45840130505709625,-8.0,13,13,3372
RUSSELL2000,0.85,1.0,0.44072865687873847,-6.769230769230769,13,13,3242
RUSSELL2000,0.9,1.0,0.41802610114192496,-6.615384615384615,13,13,3075
RUSSELL2000,0.95,1.0,0.3828167482327352,-6.384615384615385,13,13,2816
SENSEX,0.05,1.0,0.6227743271221532,-9.0,10,10,3008
SENSEX,0.1,1.0,0.5840579710144927,-8.0,10,10,2821
SENSEX,0.15,1.0,0.5602484472049689,-8.0,10,10,2706
SENSEX,0.2,1.0,0.5440993788819876,-7.6,10,10,2628
SENSEX,0.25,1.0,0.5300207039337475,-7.6,10,10,2560
SENSEX,0.3,1.0,0.5186335403726708,-7.6,10,10,2505
SENSEX,0.35,1.0,0.5089026915113871,-7.6,10,10,2458
SENSEX,0.39999999999999997,1.0,0.4989648033126294,-7.6,10,10,2410
SENSEX,0.44999999999999996,1.0,0.4888198757763975,-7.6,10,10,2361
SENSEX,0.49999999999999994,1.0,0.47929606625258797,-7.6,10,10,2315
SENSEX,0.5499999999999999,1.0,0.4712215320910973,-7.4,10,10,2276
SENSEX,0.6,1.0,0.46356107660455487,-7.4,10,10,2239
SENSEX,0.65,1.0,0.45590062111801244,-7.4,10,10,2202
SENSEX,0.7,1.0,0.44761904761904764,-6.6,10,10,2162
SENSEX,0.75,1.0,0.43478260869565216,-6.6,10,10,2100
SENSEX,0.7999999999999999,1.0,0.41966873706004143,-6.4,10,10,2027
SENSEX,0.85,1.0,0.4080745341614907,-6.4,10,10,1971
SENSEX,0.9,1.0,0.3906832298136646,-6.4,10,10,1887
SENSEX,0.95,1.0,0.36252587991718427,-5.6,10,10,1751
SP500,0.05,1.0,0.49221876389506447,-9.615384615384615,13,13,6642
SP500,0.1,1.0,0.4487920557284719,-9.615384615384615,13,13,6056
SP500,0.15,1.0,0.42233585297169113,-9.153846153846153,13,13,5699
SP500,0.2,1.0,0.40091892693048764,-7.769230769230769,13,13,5410
SP500,0.25,1.0,0.38683859493108047,-7.6923076923076925,13,13,5220
SP500,0.3,1.0,0.3732770120053357,-7.6923076923076925,13,13,5037
SP500,0.35,1.0,0.36238328145842597,-6.3076923076923075,13,13,4890
SP500,0.39999999999999997,1.0,0.35319401215354973,-6.3076923076923075,13,13,4766
SP500,0.44999999999999996,1.0,0.3421520675855936,-6.3076923076923075,13,13,4617
SP500,0.49999999999999994,1.0,0.3333333333333333,-6.3076923076923075,13,13,4498
SP500,0.5499999999999999,1.0,0.3241440640284571,-6.3076923076923075,13,13,4374
SP500,0.6,1.0,0.31643693493404473,-6.3076923076923075,13,13,4270
SP500,0.65,1.0,0.30821105676597005,-5.923076923076923,13,13,4159
SP500,0.7,1.0,0.29894768045057063,-4.153846153846154,13,13,4034
SP500,0.75,1.0,0.2874610938194753,-4.153846153846154,13,13,3879
SP500,0.7999999999999999,1.0,0.2768637913146584,-4.076923076923077,13,13,3736
SP500,0.85,1.0,0.26345042240996,-4.076923076923077,13,13,3555
SP500,0.9,1.0,0.24951830443159922,-3.8461538461538463,13,13,3367
SP500,0.95,1.0,0.22469245590632875,-3.8461538461538463,13,13,3032
STI_SINGAPORE,0.05,1.0,0.6405442645539098,-9.31578947368421,19,19,3719
STI_SINGAPORE,0.1,1.0,0.597829831209094,-9.210526315789474,19,19,3471
STI_SINGAPORE,0.15,1.0,0.5690664829486738,-8.894736842105264,19,19,3304
STI_SINGAPORE,0.2,1.0,0.5490871512228729,-8.578947368421053,19,19,3188
STI_SINGAPORE,0.25,1.0,0.5334137099552188,-8.578947368421053,19,19,3097
STI_SINGAPORE,0.3,1.0,0.5196348604891492,-8.578947368421053,19,19,3017
STI_SINGAPORE,0.35,1.0,0.5068894247330348,-8.578947368421053,19,19,2943
STI_SINGAPORE,0.39999999999999997,1.0,0.4937995177402687,-8.578947368421053,19,19,2867
STI_SINGAPORE,0.44999999999999996,1.0,0.48105408198415434,-8.578947368421053,19,19,2793
STI_SINGAPORE,0.49999999999999994,1.0,0.472270065449535,-8.578947368421053,19,19,2742
STI_SINGAPORE,0.5499999999999999,1.0,0.4600413365483982,-8.578947368421053,19,19,2671
STI_SINGAPORE,0.6,1.0,0.44953496383052016,-8.578947368421053,19,19,2610
STI_SINGAPORE,0.65,1.0,0.4407509472959008,-8.578947368421053,19,19,2559
STI_SINGAPORE,0.7,1.0,0.4281777471581123,-8.31578947368421,19,19,2486
STI_SINGAPORE,0.75,1.0,0.41508784016534617,-8.263157894736842,19,19,2410
STI_SINGAPORE,0.7999999999999999,1.0,0.3992421632793662,-8.263157894736842,19,19,2318
STI_SINGAPORE,0.85,1.0,0.3840854288666896,-8.263157894736842,19,19,2230
STI_SINGAPORE,0.9,1.0,0.36393386152256285,-8.105263157894736,19,19,2113
STI_SINGAPORE,0.95,1.0,0.3325869789872546,-7.368421052631579,19,19,1931
