Date,micro,macro
2007-09-17,1,0
2007-09-18,25,0
2007-09-19,25,0
2007-09-20,1,0
2007-09-21,1,0
2007-09-24,33,0
2007-09-25,26,0
2007-09-26,33,0
2007-09-27,33,0
2007-09-28,26,0
2007-10-01,19,0
2007-10-02,33,0
2007-10-03,28,0
2007-10-04,33,0
2007-10-05,33,0
2007-10-08,24,0
2007-10-09,33,0
2007-10-10,33,0
2007-10-11,33,0
2007-10-12,26,0
2007-10-15,24,0
2007-10-16,27,0
2007-10-17,16,0
2007-10-18,16,0
2007-10-19,16,0
2007-10-22,26,0
2007-10-23,14,0
2007-10-24,16,0
2007-10-25,16,0
2007-10-26,16,0
2007-10-29,14,0
2007-10-30,28,0
2007-10-31,33,0
2007-11-01,23,0
2007-11-02,26,0
2007-11-05,33,0
2007-11-06,28,0
2007-11-07,26,0
2007-11-08,30,0
2007-11-09,23,0
2007-11-12,30,0
2007-11-13,30,0
2007-11-14,30,0
2007-11-15,30,0
2007-11-16,30,0
2007-11-19,30,0
2007-11-20,30,0
2007-11-21,30,0
2007-11-22,30,0
2007-11-23,0,0
2007-11-26,30,0
2007-11-27,30,0
2007-11-28,23,0
2007-11-29,1,0
2007-11-30,47,0
2007-12-03,27,0
2007-12-04,47,0
2007-12-05,24,0
2007-12-06,47,0
2007-12-07,16,0
2007-12-10,47,0
2007-12-11,16,0
2007-12-12,4,0
2007-12-13,39,0
2007-12-14,29,0
2007-12-17,25,0
2007-12-18,4,0
2007-12-19,29,0
2007-12-20,29,0
2007-12-21,4,0
2007-12-27,9,0
2007-12-28,9,0
2007-12-31,9,0
2008-01-03,9,0
2008-01-04,9,0
2008-01-07,9,0
2008-01-08,9,0
2008-01-09,9,0
2008-01-10,9,0
2008-01-11,9,0
2008-01-14,9,0
2008-01-15,11,1
2008-01-16,9,0
2008-01-17,9,0
2008-01-18,9,0
2008-01-21,9,0
2008-01-22,9,0
2008-01-23,9,0
2008-01-24,9,0
2008-01-25,9,0
2008-01-28,32,0
2008-01-29,32,0
2008-01-30,32,0
2008-01-31,32,0
2008-02-01,32,0
2008-02-04,32,0
2008-02-05,31,0
2008-02-06,40,0
2008-02-07,40,0
2008-02-08,40,0
2008-02-11,40,0
2008-02-12,40,0
2008-02-13,40,0
2008-02-14,40,0
2008-02-15,40,0
2008-02-18,40,0
2008-02-19,2,0
2008-02-20,19,0
2008-02-21,2,0
2008-02-22,2,0
2008-02-25,29,0
2008-02-26,25,0
2008-02-27,2,0
2008-02-28,2,0
2008-02-29,4,0
2008-03-03,4,0
2008-03-04,4,0
2008-03-05,29,0
2008-03-06,4,0
2008-03-07,4,0
2008-03-10,4,0
2008-03-11,4,0
2008-03-12,4,0
2008-03-13,4,0
2008-03-14,2,0
2008-03-17,20,0
2008-03-18,20,0
2008-03-19,2,0
2008-03-25,20,0
2008-03-26,1,0
2008-03-27,2,0
2008-03-28,1,0
2008-03-31,2,0
2008-04-01,20,0
2008-04-02,2,0
2008-04-03,2,0
2008-04-04,1,0
2008-04-07,1,0
2008-04-08,1,0
2008-04-09,33,0
2008-04-10,19,0
2008-04-11,23,0
2008-04-14,33,0
2008-04-15,19,0
2008-04-16,19,0
2008-04-17,47,0
2008-04-18,42,0
2008-04-21,47,0
2008-04-22,47,0
2008-04-23,4,0
2008-04-24,4,0
2008-04-25,1,0
2008-04-28,1,0
2008-04-29,27,0
2008-04-30,4,0
2008-05-02,26,0
2008-05-05,27,0
2008-05-06,47,0
2008-05-07,26,0
2008-05-08,16,0
2008-05-09,26,0
2008-05-13,47,0
2008-05-14,47,0
2008-05-15,16,0
2008-05-16,16,0
2008-05-19,16,0
2008-05-20,24,0
2008-05-21,47,0
2008-05-22,47,0
2008-05-23,42,0
2008-05-26,16,0
2008-05-27,47,0
2008-05-28,47,0
2008-05-29,16,0
2008-05-30,16,0
2008-06-02,42,0
2008-06-03,16,0
2008-06-04,47,0
2008-06-05,47,0
2008-06-06,23,0
2008-06-09,47,0
2008-06-10,47,0
2008-06-11,23,0
2008-06-12,1,0
2008-06-13,47,0
2008-06-16,47,0
2008-06-17,47,0
2008-06-18,47,0
2008-06-19,47,0
2008-06-20,23,0
2008-06-23,47,0
2008-06-24,47,0
2008-06-25,39,0
2008-06-26,39,0
2008-06-27,4,0
2008-06-30,4,0
2008-07-01,4,0
2008-07-02,4,0
2008-07-03,23,0
2008-07-07,20,0
2008-07-08,2,0
2008-07-09,39,0
2008-07-10,1,0
2008-07-11,20,0
2008-07-14,1,0
2008-07-15,2,0
2008-07-16,2,0
2008-07-17,2,0
2008-07-18,20,0
2008-07-21,2,0
2008-07-22,2,0
2008-07-23,1,0
2008-07-24,48,0
2008-07-25,4,0
2008-07-28,24,0
2008-07-29,23,0
2008-07-30,26,0
2008-07-31,4,0
2008-08-04,42,0
2008-08-05,48,0
2008-08-06,1,0
2008-08-07,4,0
2008-08-08,4,0
2008-08-11,1,0
2008-08-12,1,0
2008-08-13,5,0
2008-08-14,4,0
2008-08-15,1,0
2008-08-18,4,0
2008-08-19,39,0
2008-08-20,4,0
2008-08-21,1,0
2008-08-22,4,0
2008-08-25,1,0
2008-08-26,48,0
2008-08-27,4,0
2008-08-28,48,0
2008-08-29,1,0
2008-09-01,4,0
2008-09-02,4,0
2008-09-03,1,0
2008-09-04,20,0
2008-09-05,4,0
2008-09-08,23,0
2008-09-09,48,0
2008-09-10,1,0
2008-09-11,4,0
2008-09-12,48,0
2008-09-15,2,0
2008-09-16,2,0
2008-09-17,23,0
2008-09-18,40,0
2008-09-19,46,1
2008-09-22,22,0
2008-09-23,22,0
2008-09-24,22,0
2008-09-25,31,0
2008-09-26,22,0
2008-09-29,31,0
2008-09-30,15,0
2008-10-01,15,0
2008-10-02,15,0
2008-10-03,22,0
2008-10-06,15,0
2008-10-07,12,0
2008-10-08,12,0
2008-10-09,12,0
2008-10-10,12,0
2008-10-13,12,0
2008-10-14,38,0
2008-10-15,38,0
2008-10-16,38,0
2008-10-17,38,0
2008-10-20,12,0
2008-10-21,12,0
2008-10-22,12,0
2008-10-23,12,0
2008-10-24,12,0
2008-10-28,12,0
2008-10-29,12,0
2008-10-30,12,0
2008-10-31,15,0
2008-11-03,15,0
2008-11-04,31,0
2008-11-05,15,0
2008-11-06,31,0
2008-11-07,12,0
2008-11-10,15,0
2008-11-11,31,0
2008-11-12,15,0
2008-11-13,15,0
2008-11-14,15,0
2008-11-17,15,0
2008-11-18,15,0
2008-11-19,46,1
2008-11-20,15,0
2008-11-21,15,0
2008-11-24,31,0
2008-11-25,15,0
2008-11-26,15,0
2008-11-27,15,0
2008-11-28,15,0
2008-12-01,31,0
2008-12-02,12,0
2008-12-03,12,0
2008-12-04,12,0
2008-12-05,15,0
2008-12-08,31,0
2008-12-09,12,0
2008-12-10,12,0
2008-12-11,12,0
2008-12-12,15,0
2008-12-15,15,0
2008-12-16,15,0
2008-12-17,15,0
2008-12-18,15,0
2008-12-19,23,0
2008-12-22,30,0
2008-12-23,23,0
2008-12-29,9,0
2008-12-30,9,0
2009-01-05,9,0
2009-01-06,9,0
2009-01-07,9,0
2009-01-08,9,0
2009-01-09,9,0
2009-01-12,9,0
2009-01-13,9,0
2009-01-14,9,0
2009-01-15,9,0
2009-01-16,9,0
2009-01-19,9,0
2009-01-20,9,0
2009-01-21,9,0
2009-01-22,9,0
2009-01-23,9,0
2009-01-26,9,0
2009-01-27,9,0
2009-01-28,9,0
2009-01-29,9,0
2009-01-30,9,0
2009-02-02,22,0
2009-02-03,48,0
2009-02-04,48,0
2009-02-05,48,0
2009-02-06,48,0
2009-02-09,48,0
2009-02-10,48,0
2009-02-11,47,0
2009-02-12,48,0
2009-02-13,48,0
2009-02-17,48,0
2009-02-18,15,0
2009-02-19,48,0
2009-02-20,15,0
2009-02-23,15,0
2009-02-24,48,0
2009-02-25,48,0
2009-02-26,48,0
2009-02-27,48,0
2009-03-02,48,0
2009-03-03,48,0
2009-03-04,48,0
2009-03-05,15,0
2009-03-06,15,0
2009-03-09,15,0
2009-03-10,15,0
2009-03-11,15,0
2009-03-12,15,0
2009-03-13,15,0
2009-03-16,31,0
2009-03-17,15,0
2009-03-18,48,0
2009-03-19,48,0
2009-03-20,48,0
2009-03-23,20,0
2009-03-24,48,0
2009-03-25,48,0
2009-03-26,4,0
2009-03-27,48,0
2009-03-30,20,0
2009-03-31,5,0
2009-04-01,48,0
2009-04-02,31,0
2009-04-03,15,0
2009-04-06,15,0
2009-04-07,48,0
2009-04-08,15,0
2009-04-09,48,0
2009-04-14,48,0
2009-04-15,48,0
2009-04-16,48,0
2009-04-17,4,0
2009-04-20,20,0
2009-04-21,48,0
2009-04-22,48,0
2009-04-23,48,0
2009-04-24,17,0
2009-04-27,48,0
2009-04-28,48,0
2009-04-29,2,0
2009-04-30,2,0
2009-05-04,2,0
2009-05-05,4,0
2009-05-06,2,0
2009-05-07,48,0
2009-05-08,4,0
2009-05-11,4,0
2009-05-12,4,0
2009-05-13,48,0
2009-05-14,4,0
2009-05-15,48,0
2009-05-18,2,0
2009-05-19,1,0
2009-05-20,4,0
2009-05-22,20,0
2009-05-25,4,0
2009-05-26,23,0
2009-05-27,1,0
2009-05-28,23,0
2009-05-29,4,0
2009-06-02,17,0
2009-06-03,2,0
2009-06-04,1,0
2009-06-05,23,0
2009-06-08,1,0
2009-06-09,1,0
2009-06-10,2,0
2009-06-11,1,0
2009-06-12,1,0
2009-06-15,20,0
2009-06-16,19,0
2009-06-17,19,0
2009-06-18,23,0
2009-06-19,19,0
2009-06-22,17,0
2009-06-23,2,0
2009-06-24,2,0
2009-06-25,2,0
2009-06-26,2,0
2009-06-29,20,0
2009-06-30,48,0
2009-07-01,48,0
2009-07-02,20,0
2009-07-03,2,0
2009-07-06,2,0
2009-07-07,2,0
2009-07-08,1,0
2009-07-09,2,0
2009-07-10,2,0
2009-07-13,2,0
2009-07-14,1,0
2009-07-15,20,0
2009-07-16,4,0
2009-07-17,4,0
2009-07-20,1,0
2009-07-21,4,0
2009-07-22,4,0
2009-07-23,4,0
2009-07-24,4,0
2009-07-27,4,0
2009-07-28,4,0
2009-07-29,4,0
2009-07-30,4,0
2009-07-31,4,0
2009-08-03,4,0
2009-08-04,4,0
2009-08-05,4,0
2009-08-06,4,0
2009-08-07,4,0
2009-08-10,1,0
2009-08-11,4,0
2009-08-12,4,0
2009-08-13,4,0
2009-08-14,4,0
2009-08-17,4,0
2009-08-18,1,0
2009-08-19,4,0
2009-08-20,1,0
2009-08-21,20,0
2009-08-24,1,0
2009-08-25,20,0
2009-08-26,1,0
2009-08-27,1,0
2009-08-28,19,0
2009-08-31,33,0
2009-09-01,20,0
2009-09-02,19,0
2009-09-03,26,0
2009-09-04,21,0
2009-09-08,39,0
2009-09-09,25,0
2009-09-10,19,0
2009-09-11,33,0
2009-09-14,19,0
2009-09-15,26,0
2009-09-16,26,0
2009-09-17,26,0
2009-09-18,26,0
2009-09-21,26,0
2009-09-22,26,0
2009-09-23,16,0
2009-09-24,4,0
2009-09-25,16,0
2009-09-28,23,0
2009-09-29,26,0
2009-09-30,23,0
2009-10-01,23,0
2009-10-02,26,0
2009-10-05,1,0
2009-10-06,5,0
2009-10-07,1,0
2009-10-08,1,0
2009-10-09,1,0
2009-10-12,1,0
2009-10-13,1,0
2009-10-14,39,0
2009-10-15,1,0
2009-10-16,48,0
2009-10-19,17,0
2009-10-20,1,0
2009-10-21,48,0
2009-10-22,1,0
2009-10-23,48,0
2009-10-26,48,0
2009-10-27,1,0
2009-10-28,39,0
2009-10-29,48,0
2009-10-30,20,0
2009-11-02,48,0
2009-11-03,48,0
2009-11-04,1,0
2009-11-05,48,0
2009-11-06,48,0
2009-11-09,5,0
2009-11-10,1,0
2009-11-11,1,0
2009-11-12,1,0
2009-11-13,1,0
2009-11-16,1,0
2009-11-17,33,0
2009-11-18,1,0
2009-11-19,42,0
2009-11-20,23,0
2009-11-23,26,0
2009-11-24,1,0
2009-11-25,1,0
2009-11-26,20,0
2009-11-27,2,0
2009-11-30,2,0
2009-12-01,2,0
2009-12-02,1,0
2009-12-03,2,0
2009-12-04,2,0
2009-12-07,1,0
2009-12-08,48,0
2009-12-09,1,0
2009-12-10,1,0
2009-12-11,1,0
2009-12-14,26,0
2009-12-15,26,0
2009-12-16,24,0
2009-12-17,26,0
2009-12-18,4,0
2009-12-21,42,0
2009-12-22,1,0
2009-12-23,33,0
2009-12-28,9,0
2009-12-29,9,0
2009-12-30,9,0
2010-01-04,9,0
2010-01-05,9,0
2010-01-06,9,0
2010-01-07,9,0
2010-01-08,9,0
2010-01-11,9,0
2010-01-12,9,0
2010-01-13,9,0
2010-01-14,9,0
2010-01-15,9,0
2010-01-18,9,0
2010-01-19,9,0
2010-01-20,9,0
2010-01-21,9,0
2010-01-22,9,0
2010-01-25,9,0
2010-01-26,9,0
2010-01-27,9,0
2010-01-28,9,0
2010-01-29,9,0
2010-02-01,19,0
2010-02-02,19,0
2010-02-03,19,0
2010-02-04,20,0
2010-02-05,25,0
2010-02-08,2,0
2010-02-09,4,0
2010-02-10,2,0
2010-02-11,2,0
2010-02-12,4,0
2010-02-15,29,0
2010-02-16,4,0
2010-02-17,29,0
2010-02-18,29,0
2010-02-19,29,0
2010-02-22,29,0
2010-02-23,4,0
2010-02-24,29,0
2010-02-25,19,0
2010-02-26,4,0
2010-03-01,29,0
2010-03-02,29,0
2010-03-03,29,0
2010-03-04,29,0
2010-03-05,39,0
2010-03-08,25,0
2010-03-09,29,0
2010-03-10,29,0
2010-03-11,29,0
2010-03-12,29,0
2010-03-15,18,0
2010-03-16,29,0
2010-03-17,18,0
2010-03-18,18,0
2010-03-19,19,0
2010-03-22,25,0
2010-03-23,18,0
2010-03-24,29,0
2010-03-25,25,0
2010-03-26,14,0
2010-03-29,29,0
2010-03-30,29,0
2010-03-31,29,0
2010-04-01,25,0
2010-04-06,29,0
2010-04-07,14,0
2010-04-08,29,0
2010-04-09,25,0
2010-04-12,29,0
2010-04-13,29,0
2010-04-14,18,0
2010-04-15,29,0
2010-04-16,19,0
2010-04-19,29,0
2010-04-20,29,0
2010-04-21,25,0
2010-04-22,19,0
2010-04-23,19,0
2010-04-26,29,0
2010-04-27,36,0
2010-04-28,2,0
2010-04-29,2,0
2010-04-30,2,0
2010-05-03,2,0
2010-05-04,36,0
2010-05-05,10,0
2010-05-06,2,0
2010-05-07,32,0
2010-05-10,46,1
2010-05-11,22,0
2010-05-12,22,0
2010-05-14,12,0
2010-05-17,12,0
2010-05-18,12,0
2010-05-19,12,0
2010-05-20,12,0
2010-05-21,12,0
2010-05-25,15,0
2010-05-26,22,0
2010-05-27,22,0
2010-05-28,22,0
2010-05-31,22,0
2010-06-01,22,0
2010-06-02,22,0
2010-06-03,22,0
2010-06-04,22,0
2010-06-07,22,0
2010-06-08,22,0
2010-06-09,22,0
2010-06-10,22,0
2010-06-11,3,0
2010-06-14,3,0
2010-06-15,22,0
2010-06-16,22,0
2010-06-17,3,0
2010-06-18,3,0
2010-06-21,3,0
2010-06-22,3,0
2010-06-23,3,0
2010-06-24,22,0
2010-06-25,3,0
2010-06-28,3,0
2010-06-29,5,0
2010-06-30,22,0
2010-07-01,22,0
2010-07-02,22,0
2010-07-05,22,0
2010-07-06,22,0
2010-07-07,22,0
2010-07-08,22,0
2010-07-09,22,0
2010-07-12,47,0
2010-07-13,42,0
2010-07-14,47,0
2010-07-15,47,0
2010-07-16,22,0
2010-07-19,47,0
2010-07-20,22,0
2010-07-21,47,0
2010-07-22,42,0
2010-07-23,47,0
2010-07-26,47,0
2010-07-27,3,0
2010-07-28,3,0
2010-07-29,47,0
2010-07-30,47,0
2010-08-02,42,0
2010-08-03,3,0
2010-08-04,19,0
2010-08-05,29,0
2010-08-06,19,0
2010-08-09,39,0
2010-08-10,1,0
2010-08-11,20,0
2010-08-12,1,0
2010-08-13,2,0
2010-08-16,4,0
2010-08-17,39,0
2010-08-18,1,0
2010-08-19,2,0
2010-08-20,4,0
2010-08-23,4,0
2010-08-24,4,0
2010-08-25,4,0
2010-08-26,29,0
2010-08-27,4,0
2010-08-30,4,0
2010-08-31,4,0
2010-09-01,23,0
2010-09-02,1,0
2010-09-03,4,0
2010-09-06,24,0
2010-09-07,1,0
2010-09-08,4,0
2010-09-09,4,0
2010-09-10,1,0
2010-09-13,1,0
2010-09-14,1,0
2010-09-15,26,0
2010-09-16,33,0
2010-09-17,23,0
2010-09-20,26,0
2010-09-21,26,0
2010-09-22,42,0
2010-09-23,23,0
2010-09-24,23,0
2010-09-27,30,0
2010-09-28,47,0
2010-09-29,23,0
2010-09-30,23,0
2010-10-01,47,0
2010-10-04,47,0
2010-10-05,23,0
2010-10-06,27,0
2010-10-07,47,0
2010-10-08,30,0
2010-10-11,27,0
2010-10-12,30,0
2010-10-13,42,0
2010-10-14,30,0
2010-10-15,47,0
2010-10-18,47,0
2010-10-19,47,0
2010-10-20,47,0
2010-10-21,47,0
2010-10-22,27,0
2010-10-25,47,0
2010-10-26,47,0
2010-10-27,47,0
2010-10-28,16,0
2010-10-29,47,0
2010-11-01,47,0
2010-11-02,47,0
2010-11-03,47,0
2010-11-04,47,0
2010-11-05,47,0
2010-11-08,27,0
2010-11-09,47,0
2010-11-10,47,0
2010-11-11,47,0
2010-11-12,47,0
2010-11-15,47,0
2010-11-16,42,0
2010-11-17,47,0
2010-11-18,42,0
2010-11-19,47,0
2010-11-22,47,0
2010-11-23,42,0
2010-11-24,4,0
2010-11-25,1,0
2010-11-26,4,0
2010-11-29,23,0
2010-11-30,4,0
2010-12-01,42,0
2010-12-02,23,0
2010-12-03,1,0
2010-12-06,1,0
2010-12-07,4,0
2010-12-08,4,0
2010-12-09,16,0
2010-12-10,16,0
2010-12-13,16,0
2010-12-14,16,0
2010-12-15,26,0
2010-12-16,26,0
2010-12-17,24,0
2010-12-20,26,0
2010-12-21,33,0
2010-12-22,28,0
2010-12-23,33,0
2010-12-27,26,0
2010-12-28,33,0
2010-12-29,33,0
2010-12-30,26,0
2011-01-03,26,0
2011-01-04,26,0
2011-01-05,23,0
2011-01-06,26,0
2011-01-07,26,0
2011-01-10,24,0
2011-01-11,26,0
2011-01-12,5,0
2011-01-13,21,0
2011-01-14,26,0
2011-01-17,27,0
2011-01-18,24,0
2011-01-19,24,0
2011-01-20,1,0
2011-01-21,23,0
2011-01-24,26,0
2011-01-25,4,0
2011-01-26,16,0
2011-01-27,4,0
2011-01-28,4,0
2011-01-31,4,0
2011-02-01,4,0
2011-02-02,16,0
2011-02-03,16,0
2011-02-04,16,0
2011-02-07,16,0
2011-02-08,16,0
2011-02-09,16,0
2011-02-10,4,0
2011-02-11,4,0
2011-02-14,16,0
2011-02-15,16,0
2011-02-16,16,0
2011-02-17,16,0
2011-02-18,16,0
2011-02-21,42,0
2011-02-22,16,0
2011-02-23,47,0
2011-02-24,16,0
2011-02-25,16,0
2011-02-28,4,0
2011-03-01,4,0
2011-03-02,16,0
2011-03-03,47,0
2011-03-04,47,0
2011-03-07,47,0
2011-03-08,47,0
2011-03-09,16,0
2011-03-10,47,0
2011-03-11,16,0
2011-03-14,47,0
2011-03-15,23,0
2011-03-16,42,0
2011-03-17,47,0
2011-03-18,47,0
2011-03-21,5,0
2011-03-22,47,0
2011-03-23,47,0
2011-03-24,48,0
2011-03-25,1,0
2011-03-28,1,0
2011-03-29,47,0
2011-03-30,24,0
2011-03-31,26,0
2011-04-01,39,0
2011-04-04,27,0
2011-04-05,30,0
2011-04-06,26,0
2011-04-07,26,0
2011-04-08,33,0
2011-04-11,33,0
2011-04-12,30,0
2011-04-13,26,0
2011-04-14,16,0
2011-04-15,16,0
2011-04-18,23,0
2011-04-19,1,0
2011-04-20,42,0
2011-04-21,1,0
2011-04-26,24,0
2011-04-27,1,0
2011-04-28,14,0
2011-04-29,14,0
2011-05-02,24,0
2011-05-03,16,0
2011-05-04,26,0
2011-05-05,26,0
2011-05-06,26,0
2011-05-09,26,0
2011-05-10,26,0
2011-05-11,16,0
2011-05-12,26,0
2011-05-13,4,0
2011-05-16,26,0
2011-05-17,26,0
2011-05-18,26,0
2011-05-19,4,0
2011-05-20,4,0
2011-05-23,24,0
2011-05-24,16,0
2011-05-25,4,0
2011-05-26,26,0
2011-05-27,4,0
2011-06-01,39,0
2011-06-03,42,0
2011-06-06,16,0
2011-06-07,16,0
2011-06-08,16,0
2011-06-09,26,0
2011-06-10,4,0
2011-06-14,1,0
2011-06-15,42,0
2011-06-16,1,0
2011-06-17,23,0
2011-06-20,1,0
2011-06-21,1,0
2011-06-22,1,0
2011-06-23,2,0
2011-06-24,2,0
2011-06-27,1,0
2011-06-28,1,0
2011-06-29,1,0
2011-06-30,25,0
2011-07-01,19,0
2011-07-04,14,0
2011-07-05,33,0
2011-07-06,26,0
2011-07-07,26,0
2011-07-08,42,0
2011-07-11,23,0
2011-07-12,23,0
2011-07-13,19,0
2011-07-15,17,0
2011-07-18,40,0
2011-07-20,40,0
2011-07-22,46,1
2011-07-25,40,0
2011-07-26,40,0
2011-07-27,40,0
2011-07-28,40,0
2011-07-29,40,0
2011-08-02,31,0
2011-08-03,40,0
2011-08-04,31,0
2011-08-05,40,0
2011-08-08,40,0
2011-08-09,40,0
2011-08-10,32,0
2011-08-11,32,0
2011-08-12,32,0
2011-08-15,40,0
2011-08-16,32,0
2011-08-17,32,0
2011-08-18,32,0
2011-08-19,32,0
2011-08-22,32,0
2011-08-23,40,0
2011-08-24,40,0
2011-08-25,40,0
2011-08-26,23,0
2011-08-29,40,0
2011-08-30,40,0
2011-08-31,40,0
2011-09-01,40,0
2011-09-02,11,1
2011-09-05,40,0
2011-09-06,40,0
2011-09-07,20,0
2011-09-08,2,0
2011-09-09,20,0
2011-09-12,2,0
2011-09-13,15,0
2011-09-14,15,0
2011-09-15,2,0
2011-09-16,2,0
2011-09-19,2,0
2011-09-20,20,0
2011-09-21,2,0
2011-09-22,2,0
2011-09-23,15,0
2011-09-26,15,0
2011-09-27,46,1
2011-09-28,15,0
2011-09-29,15,0
2011-09-30,15,0
2011-10-03,15,0
2011-10-04,48,0
2011-10-05,20,0
2011-10-06,20,0
2011-10-07,2,0
2011-10-10,2,0
2011-10-11,2,0
2011-10-12,2,0
2011-10-13,2,0
2011-10-14,2,0
2011-10-17,2,0
2011-10-18,2,0
2011-10-19,1,0
2011-10-20,2,0
2011-10-21,2,0
2011-10-24,2,0
2011-10-25,2,0
2011-10-26,2,0
2011-10-27,20,0
2011-10-28,2,0
2011-10-31,2,0
2011-11-01,15,0
2011-11-02,15,0
2011-11-03,15,0
2011-11-04,15,0
2011-11-07,15,0
2011-11-08,15,0
2011-11-09,15,0
2011-11-10,15,0
2011-11-11,15,0
2011-11-14,15,0
2011-11-15,2,0
2011-11-16,48,0
2011-11-17,48,0
2011-11-18,48,0
2011-11-21,5,0
2011-11-22,48,0
2011-11-23,48,0
2011-11-25,48,0
2011-11-28,20,0
2011-11-29,48,0
2011-11-30,15,0
2011-12-01,48,0
2011-12-02,48,0
2011-12-05,1,0
2011-12-06,48,0
2011-12-07,15,0
2011-12-08,48,0
2011-12-09,48,0
2011-12-12,20,0
2011-12-13,48,0
2011-12-14,48,0
2011-12-15,48,0
2011-12-16,48,0
2011-12-19,48,0
2011-12-20,15,0
2011-12-21,15,0
2011-12-22,1,0
2011-12-23,1,0
2011-12-27,30,0
2011-12-28,23,0
2011-12-29,30,0
2011-12-30,1,0
2012-01-03,17,0
2012-01-04,1,0
2012-01-05,23,0
2012-01-06,23,0
2012-01-09,47,0
2012-01-10,42,0
2012-01-11,1,0
2012-01-12,23,0
2012-01-13,23,0
2012-01-16,23,0
2012-01-17,26,0
2012-01-18,47,0
2012-01-19,47,0
2012-01-20,1,0
2012-01-23,47,0
2012-01-24,26,0
2012-01-25,26,0
2012-01-26,26,0
2012-01-27,47,0
2012-01-30,47,0
2012-01-31,47,0
2012-02-01,42,0
2012-02-02,47,0
2012-02-03,47,0
2012-02-06,47,0
2012-02-07,47,0
2012-02-08,47,0
2012-02-09,47,0
2012-02-10,47,0
2012-02-13,47,0
2012-02-14,13,0
2012-02-15,13,0
2012-02-16,13,0
2012-02-17,16,0
2012-02-21,42,0
2012-02-22,47,0
2012-02-23,4,0
2012-02-24,16,0
2012-02-27,4,0
2012-02-28,16,0
2012-02-29,4,0
2012-03-01,4,0
2012-03-02,16,0
2012-03-05,16,0
2012-03-06,42,0
2012-03-07,1,0
2012-03-08,42,0
2012-03-09,1,0
2012-03-12,1,0
2012-03-13,24,0
2012-03-14,1,0
2012-03-15,1,0
2012-03-16,33,0
2012-03-19,33,0
2012-03-20,26,0
2012-03-21,26,0
2012-03-22,26,0
2012-03-23,26,0
2012-03-26,26,0
2012-03-27,26,0
2012-03-28,26,0
2012-03-29,26,0
2012-03-30,26,0
2012-04-02,19,0
2012-04-03,19,0
2012-04-04,39,0
2012-04-05,19,0
2012-04-10,25,0
2012-04-11,2,0
2012-04-12,2,0
2012-04-13,2,0
2012-04-16,2,0
2012-04-17,17,0
2012-04-18,2,0
2012-04-19,2,0
2012-04-20,2,0
2012-04-23,2,0
2012-04-24,2,0
2012-04-25,2,0
2012-04-26,2,0
2012-04-27,2,0
2012-04-30,2,0
2012-05-02,2,0
2012-05-03,4,0
2012-05-04,4,0
2012-05-07,2,0
2012-05-08,4,0
2012-05-09,4,0
2012-05-10,4,0
2012-05-11,4,0
2012-05-14,4,0
2012-05-15,4,0
2012-05-16,4,0
2012-05-18,2,0
2012-05-21,4,0
2012-05-22,4,0
2012-05-23,4,0
2012-05-24,4,0
2012-05-25,4,0
2012-05-29,4,0
2012-05-30,4,0
2012-05-31,4,0
2012-06-01,48,0
2012-06-04,2,0
2012-06-05,4,0
2012-06-06,42,0
2012-06-07,4,0
2012-06-08,4,0
2012-06-11,4,0
2012-06-12,4,0
2012-06-13,4,0
2012-06-14,4,0
2012-06-15,16,0
2012-06-18,23,0
2012-06-19,4,0
2012-06-20,16,0
2012-06-21,4,0
2012-06-22,4,0
2012-06-25,42,0
2012-06-26,1,0
2012-06-27,25,0
2012-06-28,4,0
2012-06-29,20,0
2012-07-02,48,0
2012-07-03,24,0
2012-07-04,1,0
2012-07-05,48,0
2012-07-06,42,0
2012-07-09,1,0
2012-07-10,48,0
2012-07-11,47,0
2012-07-12,47,0
2012-07-13,47,0
2012-07-16,47,0
2012-07-17,47,0
2012-07-18,47,0
2012-07-19,16,0
2012-07-20,42,0
2012-07-23,47,0
2012-07-24,42,0
2012-07-25,47,0
2012-07-26,23,0
2012-07-27,23,0
2012-07-30,47,0
2012-07-31,47,0
2012-08-02,23,0
2012-08-03,31,0
2012-08-06,48,0
2012-08-07,17,0
2012-08-08,1,0
2012-08-09,22,0
2012-08-10,1,0
2012-08-13,1,0
2012-08-14,30,0
2012-08-15,30,0
2012-08-16,30,0
2012-08-17,30,0
2012-08-20,30,0
2012-08-21,30,0
2012-08-22,30,0
2012-08-23,23,0
2012-08-24,30,0
2012-08-27,30,0
2012-08-28,30,0
2012-08-29,30,0
2012-08-30,30,0
2012-08-31,47,0
2012-09-03,47,0
2012-09-04,42,0
2012-09-05,47,0
2012-09-06,5,0
2012-09-07,47,0
2012-09-10,27,0
2012-09-11,47,0
2012-09-12,47,0
2012-09-13,47,0
2012-09-14,47,0
2012-09-17,27,0
2012-09-18,47,0
2012-09-19,47,0
2012-09-20,47,0
2012-09-21,47,0
2012-09-24,47,0
2012-09-25,47,0
2012-09-26,39,0
2012-09-27,47,0
2012-09-28,20,0
2012-10-01,20,0
2012-10-02,48,0
2012-10-03,1,0
2012-10-04,47,0
2012-10-05,42,0
2012-10-08,24,0
2012-10-09,47,0
2012-10-10,27,0
2012-10-11,47,0
2012-10-12,47,0
2012-10-15,47,0
2012-10-16,42,0
2012-10-17,47,0
2012-10-18,47,0
2012-10-19,47,0
2012-10-22,47,0
2012-10-23,47,0
2012-10-24,47,0
2012-10-25,47,0
2012-10-26,4,0
2012-10-29,16,0
2012-10-30,39,0
2012-10-31,47,0
2012-11-01,4,0
2012-11-02,1,0
2012-11-05,24,0
2012-11-06,16,0
2012-11-07,23,0
2012-11-08,1,0
2012-11-09,23,0
2012-11-12,1,0
2012-11-13,23,0
2012-11-14,26,0
2012-11-15,26,0
2012-11-16,42,0
2012-11-19,39,0
2012-11-20,47,0
2012-11-21,26,0
2012-11-22,27,0
2012-11-23,26,0
2012-11-26,27,0
2012-11-27,30,0
2012-11-28,30,0
2012-11-29,21,0
2012-11-30,33,0
2012-12-03,26,0
2012-12-04,33,0
2012-12-05,26,0
2012-12-06,26,0
2012-12-07,16,0
2012-12-10,26,0
2012-12-11,16,0
2012-12-12,14,0
2012-12-13,14,0
2012-12-14,14,0
2012-12-17,33,0
2012-12-18,14,0
2012-12-19,14,0
2012-12-20,16,0
2012-12-21,16,0
2012-12-27,16,0
2012-12-28,24,0
2013-01-03,5,0
2013-01-04,30,0
2013-01-07,30,0
2013-01-08,30,0
2013-01-09,30,0
2013-01-10,30,0
2013-01-11,30,0
2013-01-14,30,0
2013-01-15,30,0
2013-01-16,30,0
2013-01-17,30,0
2013-01-18,30,0
2013-01-21,28,0
2013-01-22,30,0
2013-01-23,27,0
2013-01-24,30,0
2013-01-25,30,0
2013-01-28,27,0
2013-01-29,27,0
2013-01-30,30,0
2013-01-31,24,0
2013-02-01,16,0
2013-02-04,39,0
2013-02-05,19,0
2013-02-06,19,0
2013-02-07,1,0
2013-02-08,1,0
2013-02-11,1,0
2013-02-12,1,0
2013-02-13,1,0
2013-02-14,1,0
2013-02-15,1,0
2013-02-18,33,0
2013-02-19,25,0
2013-02-20,19,0
2013-02-21,45,1
2013-02-22,21,0
2013-02-25,23,0
2013-02-26,25,0
2013-02-27,2,0
2013-02-28,1,0
2013-03-01,2,0
2013-03-04,2,0
2013-03-05,20,0
2013-03-06,1,0
2013-03-07,1,0
2013-03-08,1,0
2013-03-11,1,0
2013-03-12,29,0
2013-03-13,14,0
2013-03-14,41,0
2013-03-15,29,0
2013-03-18,19,0
2013-03-19,19,0
2013-03-20,33,0
2013-03-21,19,0
2013-03-22,19,0
2013-03-25,23,0
2013-03-26,1,0
2013-03-27,23,0
2013-03-28,19,0
2013-04-02,5,0
2013-04-03,19,0
2013-04-04,19,0
2013-04-05,23,0
2013-04-08,33,0
2013-04-09,19,0
2013-04-10,0,0
2013-04-11,1,0
2013-04-12,1,0
2013-04-15,1,0
2013-04-16,26,0
2013-04-17,23,0
2013-04-18,1,0
2013-04-19,1,0
2013-04-22,1,0
2013-04-23,5,0
2013-04-24,26,0
2013-04-25,16,0
2013-04-26,16,0
2013-04-29,24,0
2013-04-30,1,0
2013-05-02,23,0
2013-05-03,4,0
2013-05-06,28,0
2013-05-07,1,0
2013-05-08,33,0
2013-05-10,26,0
2013-05-13,33,0
2013-05-14,26,0
2013-05-15,26,0
2013-05-16,33,0
2013-05-17,26,0
2013-05-21,26,0
2013-05-22,26,0
2013-05-23,26,0
2013-05-24,26,0
2013-05-27,5,0
2013-05-28,47,0
2013-05-29,24,0
2013-05-30,47,0
2013-05-31,47,0
2013-06-03,47,0
2013-06-04,47,0
2013-06-05,47,0
2013-06-06,47,0
2013-06-07,47,0
2013-06-10,1,0
2013-06-11,47,0
2013-06-12,47,0
2013-06-13,47,0
2013-06-14,47,0
2013-06-17,47,0
2013-06-18,47,0
2013-06-19,47,0
2013-06-20,42,0
2013-06-21,4,0
2013-06-24,4,0
2013-06-25,4,0
2013-06-26,4,0
2013-06-27,4,0
2013-06-28,4,0
2013-07-01,4,0
2013-07-02,4,0
2013-07-03,4,0
2013-07-04,4,0
2013-07-05,48,0
2013-07-08,48,0
2013-07-09,1,0
2013-07-10,1,0
2013-07-11,1,0
2013-07-12,1,0
2013-07-15,1,0
2013-07-16,1,0
2013-07-17,4,0
2013-07-18,42,0
2013-07-19,33,0
2013-07-22,14,0
2013-07-23,33,0
2013-07-24,33,0
2013-07-25,29,0
2013-07-26,29,0
2013-07-29,29,0
2013-07-30,14,0
2013-07-31,29,0
2013-08-02,17,0
2013-08-05,33,0
2013-08-06,29,0
2013-08-07,29,0
2013-08-08,14,0
2013-08-09,29,0
2013-08-12,29,0
2013-08-13,14,0
2013-08-14,14,0
2013-08-15,26,0
2013-08-16,33,0
2013-08-19,24,0
2013-08-20,26,0
2013-08-21,24,0
2013-08-22,26,0
2013-08-23,29,0
2013-08-26,29,0
2013-08-27,25,0
2013-08-28,29,0
2013-08-29,29,0
2013-08-30,5,0
2013-09-03,20,0
2013-09-04,19,0
2013-09-05,19,0
2013-09-06,19,0
2013-09-09,33,0
2013-09-10,41,0
2013-09-11,41,0
2013-09-12,33,0
2013-09-13,33,0
2013-09-16,33,0
2013-09-17,33,0
2013-09-18,33,0
2013-09-19,26,0
2013-09-20,33,0
2013-09-23,26,0
2013-09-24,28,0
2013-09-25,33,0
2013-09-26,33,0
2013-09-27,33,0
2013-09-30,33,0
2013-10-01,25,0
2013-10-02,29,0
2013-10-03,29,0
2013-10-04,29,0
2013-10-07,29,0
2013-10-08,29,0
2013-10-09,29,0
2013-10-10,39,0
2013-10-11,14,0
2013-10-14,29,0
2013-10-15,14,0
2013-10-16,29,0
2013-10-17,29,0
2013-10-18,29,0
2013-10-21,14,0
2013-10-22,29,0
2013-10-23,14,0
2013-10-24,14,0
2013-10-25,29,0
2013-10-28,29,0
2013-10-29,25,0
2013-10-30,29,0
2013-10-31,25,0
2013-11-01,29,0
2013-11-04,14,0
2013-11-05,19,0
2013-11-06,33,0
2013-11-07,23,0
2013-11-08,19,0
2013-11-11,33,0
2013-11-12,33,0
2013-11-13,33,0
2013-11-14,19,0
2013-11-15,33,0
2013-11-18,19,0
2013-11-19,41,0
2013-11-20,30,0
2013-11-21,26,0
2013-11-22,27,0
2013-11-25,27,0
2013-11-26,27,0
2013-11-27,27,0
2013-11-28,27,0
2013-11-29,27,0
2013-12-02,27,0
2013-12-03,17,0
2013-12-04,30,0
2013-12-05,30,0
2013-12-06,26,0
2013-12-09,33,0
2013-12-10,26,0
2013-12-11,30,0
2013-12-12,30,0
2013-12-13,30,0
2013-12-16,0,0
2013-12-17,24,0
2013-12-18,30,0
2013-12-19,30,0
2013-12-20,30,0
2013-12-23,33,0
2013-12-27,24,0
2013-12-30,27,0
2014-01-03,39,0
2014-01-06,33,0
2014-01-07,26,0
2014-01-08,27,0
2014-01-09,26,0
2014-01-10,16,0
2014-01-13,16,0
2014-01-14,26,0
2014-01-15,24,0
2014-01-16,16,0
2014-01-17,16,0
2014-01-20,27,0
2014-01-21,26,0
2014-01-22,16,0
2014-01-23,26,0
2014-01-24,25,0
2014-01-27,33,0
2014-01-28,33,0
2014-01-29,23,0
2014-01-30,19,0
2014-01-31,19,0
2014-02-03,19,0
2014-02-04,19,0
2014-02-05,33,0
2014-02-06,19,0
2014-02-07,19,0
2014-02-10,25,0
2014-02-11,41,0
2014-02-12,33,0
2014-02-13,19,0
2014-02-14,33,0
2014-02-18,33,0
2014-02-19,29,0
2014-02-20,25,0
2014-02-21,33,0
2014-02-24,29,0
2014-02-25,33,0
2014-02-26,33,0
2014-02-27,29,0
2014-02-28,29,0
2014-03-03,45,1
2014-03-04,5,0
2014-03-05,29,0
2014-03-06,29,0
2014-03-07,25,0
2014-03-10,4,0
2014-03-11,29,0
2014-03-12,29,0
2014-03-13,2,0
2014-03-14,4,0
2014-03-17,25,0
2014-03-18,4,0
2014-03-19,29,0
2014-03-20,29,0
2014-03-21,18,0
2014-03-24,29,0
2014-03-25,29,0
2014-03-26,29,0
2014-03-27,29,0
2014-03-28,41,0
2014-03-31,29,0
2014-04-01,18,0
2014-04-02,34,0
2014-04-03,18,0
2014-04-04,18,0
2014-04-07,41,0
2014-04-08,19,0
2014-04-09,33,0
2014-04-10,19,0
2014-04-11,19,0
2014-04-14,19,0
2014-04-15,19,0
2014-04-16,25,0
2014-04-17,29,0
2014-04-22,25,0
2014-04-23,41,0
2014-04-24,19,0
2014-04-25,1,0
2014-04-28,1,0
2014-04-29,25,0
2014-04-30,33,0
2014-05-02,33,0
2014-05-05,19,0
2014-05-06,29,0
2014-05-07,29,0
2014-05-08,29,0
2014-05-09,14,0
2014-05-12,29,0
2014-05-13,14,0
2014-05-14,14,0
2014-05-15,19,0
2014-05-16,33,0
2014-05-19,19,0
2014-05-20,33,0
2014-05-21,19,0
2014-05-22,33,0
2014-05-23,33,0
2014-05-26,24,0
2014-05-27,33,0
2014-05-28,28,0
2014-05-30,27,0
2014-06-02,33,0
2014-06-03,28,0
2014-06-04,33,0
2014-06-05,26,0
2014-06-06,33,0
2014-06-10,33,0
2014-06-11,33,0
2014-06-12,14,0
2014-06-13,26,0
2014-06-16,14,0
2014-06-17,33,0
2014-06-18,14,0
2014-06-19,33,0
2014-06-20,14,0
2014-06-23,16,0
2014-06-24,14,0
2014-06-25,16,0
2014-06-26,26,0
2014-06-27,16,0
2014-06-30,16,0
2014-07-01,21,0
2014-07-02,14,0
2014-07-03,24,0
2014-07-04,24,0
2014-07-07,24,0
2014-07-08,39,0
2014-07-09,14,0
2014-07-10,23,0
2014-07-11,33,0
2014-07-14,33,0
2014-07-15,1,0
2014-07-16,21,0
2014-07-17,1,0
2014-07-18,1,0
2014-07-21,1,0
2014-07-22,39,0
2014-07-23,1,0
2014-07-24,1,0
2014-07-25,1,0
2014-07-28,1,0
2014-07-29,1,0
2014-07-30,1,0
2014-07-31,23,0
2014-08-04,25,0
2014-08-05,29,0
2014-08-06,4,0
2014-08-07,4,0
2014-08-08,4,0
2014-08-11,16,0
2014-08-12,16,0
2014-08-13,16,0
2014-08-14,4,0
2014-08-15,4,0
2014-08-18,16,0
2014-08-19,14,0
2014-08-20,16,0
2014-08-21,26,0
2014-08-22,1,0
2014-08-25,42,0
2014-08-26,1,0
2014-08-27,27,0
2014-08-28,1,0
2014-08-29,26,0
2014-09-01,16,0
2014-09-02,16,0
2014-09-03,26,0
2014-09-04,23,0
2014-09-05,27,0
2014-09-08,27,0
2014-09-09,27,0
2014-09-10,27,0
2014-09-11,26,0
2014-09-12,27,0
2014-09-15,27,0
2014-09-16,27,0
2014-09-17,27,0
2014-09-18,24,0
2014-09-19,26,0
2014-09-22,16,0
2014-09-23,24,0
2014-09-24,26,0
2014-09-25,26,0
2014-09-26,26,0
2014-09-29,47,0
2014-09-30,1,0
2014-10-01,1,0
2014-10-02,20,0
2014-10-03,1,0
2014-10-06,1,0
2014-10-07,1,0
2014-10-08,1,0
2014-10-09,4,0
2014-10-10,1,0
2014-10-13,23,0
2014-10-14,4,0
2014-10-15,20,0
2014-10-16,23,0
2014-10-17,20,0
2014-10-20,1,0
2014-10-21,20,0
2014-10-22,1,0
2014-10-23,2,0
2014-10-24,1,0
2014-10-27,40,0
2014-10-28,1,0
2014-10-29,1,0
2014-10-30,23,0
2014-10-31,19,0
2014-11-03,1,0
2014-11-04,23,0
2014-11-05,1,0
2014-11-06,23,0
2014-11-07,23,0
2014-11-10,1,0
2014-11-11,1,0
2014-11-12,1,0
2014-11-13,1,0
2014-11-14,1,0
2014-11-17,23,0
2014-11-18,26,0
2014-11-19,33,0
2014-11-20,26,0
2014-11-21,17,0
2014-11-24,1,0
2014-11-25,26,0
2014-11-26,16,0
2014-11-27,33,0
2014-11-28,16,0
2014-12-01,26,0
2014-12-02,26,0
2014-12-03,33,0
2014-12-04,23,0
2014-12-05,17,0
2014-12-08,1,0
2014-12-09,5,0
2014-12-10,1,0
2014-12-11,1,0
2014-12-12,17,0
2014-12-15,23,0
2014-12-16,40,0
2014-12-17,40,0
2014-12-18,40,0
2014-12-19,40,0
2014-12-22,1,0
2014-12-23,1,0
2014-12-30,0,0
2015-01-05,40,0
2015-01-07,40,0
2015-01-08,20,0
2015-01-09,40,0
2015-01-12,40,0
2015-01-13,40,0
2015-01-14,40,0
2015-01-15,15,0
2015-01-16,40,0
2015-01-19,1,0
2015-01-20,1,0
2015-01-21,40,0
2015-01-22,19,0
2015-01-23,19,0
2015-01-26,19,0
2015-01-27,19,0
2015-01-28,19,0
2015-01-29,19,0
2015-01-30,19,0
2015-02-02,19,0
2015-02-03,33,0
2015-02-04,33,0
2015-02-05,19,0
2015-02-06,33,0
2015-02-09,19,0
2015-02-10,19,0
2015-02-11,33,0
2015-02-12,19,0
2015-02-13,33,0
2015-02-16,28,0
2015-02-17,19,0
2015-02-18,33,0
2015-02-19,19,0
2015-02-20,19,0
2015-02-23,33,0
2015-02-24,33,0
2015-02-25,28,0
2015-02-26,33,0
2015-02-27,33,0
2015-03-02,33,0
2015-03-03,19,0
2015-03-04,19,0
2015-03-05,33,0
2015-03-06,33,0
2015-03-09,33,0
2015-03-10,19,0
2015-03-11,25,0
2015-03-12,28,0
2015-03-13,19,0
2015-03-16,19,0
2015-03-17,19,0
2015-03-18,29,0
2015-03-19,29,0
2015-03-20,4,0
2015-03-23,14,0
2015-03-24,19,0
2015-03-25,29,0
2015-03-26,25,0
2015-03-27,29,0
2015-03-30,41,0
2015-03-31,1,0
2015-04-01,4,0
2015-04-02,14,0
2015-04-07,1,0
2015-04-08,1,0
2015-04-09,41,0
2015-04-10,21,0
2015-04-13,33,0
2015-04-14,26,0
2015-04-15,33,0
2015-04-16,39,0
2015-04-17,23,0
2015-04-20,5,0
2015-04-21,19,0
2015-04-22,19,0
2015-04-23,19,0
2015-04-24,19,0
2015-04-27,23,0
2015-04-28,19,0
2015-04-29,23,0
2015-04-30,19,0
2015-05-04,19,0
2015-05-05,40,0
2015-05-06,19,0
2015-05-07,10,0
2015-05-08,0,0
2015-05-11,1,0
2015-05-12,19,0
2015-05-13,2,0
2015-05-15,20,0
2015-05-18,19,0
2015-05-19,25,0
2015-05-20,1,0
2015-05-21,33,0
2015-05-22,28,0
2015-05-26,19,0
2015-05-27,19,0
2015-05-28,1,0
2015-05-29,0,0
2015-06-01,1,0
2015-06-02,23,0
2015-06-03,19,0
2015-06-04,23,0
2015-06-05,1,0
2015-06-08,1,0
2015-06-09,23,0
2015-06-10,23,0
2015-06-11,23,0
2015-06-12,23,0
2015-06-15,26,0
2015-06-16,23,0
2015-06-17,26,0
2015-06-18,23,0
2015-06-19,26,0
2015-06-22,42,0
2015-06-23,47,0
2015-06-24,47,0
2015-06-25,48,0
2015-06-26,4,0
2015-06-29,48,0
2015-06-30,48,0
2015-07-01,48,0
2015-07-02,48,0
2015-07-03,1,0
2015-07-06,4,0
2015-07-07,42,0
2015-07-08,48,0
2015-07-09,48,0
2015-07-10,42,0
2015-07-13,4,0
2015-07-14,16,0
2015-07-15,16,0
2015-07-16,26,0
2015-07-17,16,0
2015-07-20,26,0
2015-07-21,26,0
2015-07-22,24,0
2015-07-23,26,0
2015-07-24,26,0
2015-07-27,42,0
2015-07-28,16,0
2015-07-29,16,0
2015-07-30,4,0
2015-07-31,4,0
2015-08-03,4,0
2015-08-04,16,0
2015-08-05,24,0
2015-08-06,16,0
2015-08-07,16,0
2015-08-10,4,0
2015-08-11,39,0
2015-08-12,42,0
2015-08-13,4,0
2015-08-14,4,0
2015-08-17,48,0
2015-08-18,1,0
2015-08-19,42,0
2015-08-20,4,0
2015-08-21,23,0
2015-08-24,23,0
2015-08-25,40,0
2015-08-26,40,0
2015-08-27,40,0
2015-08-28,40,0
2015-08-31,40,0
2015-09-01,40,0
2015-09-02,40,0
2015-09-03,15,0
2015-09-04,15,0
2015-09-07,2,0
2015-09-08,2,0
2015-09-09,2,0
2015-09-10,2,0
2015-09-11,20,0
2015-09-14,1,0
2015-09-15,19,0
2015-09-16,1,0
2015-09-17,33,0
2015-09-18,23,0
2015-09-21,1,0
2015-09-22,20,0
2015-09-23,2,0
2015-09-24,48,0
2015-09-25,2,0
2015-09-28,15,0
2015-09-29,15,0
2015-09-30,15,0
2015-10-01,15,0
2015-10-02,15,0
2015-10-05,2,0
2015-10-06,2,0
2015-10-07,2,0
2015-10-08,1,0
2015-10-09,1,0
2015-10-12,1,0
2015-10-13,1,0
2015-10-14,26,0
2015-10-15,33,0
2015-10-16,33,0
2015-10-19,33,0
2015-10-20,26,0
2015-10-21,26,0
2015-10-22,23,0
2015-10-23,19,0
2015-10-26,33,0
2015-10-27,33,0
2015-10-28,26,0
2015-10-29,26,0
2015-10-30,29,0
2015-11-02,4,0
2015-11-03,29,0
2015-11-04,29,0
2015-11-05,29,0
2015-11-06,4,0
2015-11-09,25,0
2015-11-10,29,0
2015-11-11,29,0
2015-11-12,4,0
2015-11-13,4,0
2015-11-16,4,0
2015-11-17,42,0
2015-11-18,1,0
2015-11-19,1,0
2015-11-20,4,0
2015-11-23,29,0
2015-11-24,4,0
2015-11-25,4,0
2015-11-26,4,0
2015-11-27,29,0
2015-11-30,4,0
2015-12-01,4,0
2015-12-02,16,0
2015-12-03,23,0
2015-12-04,4,0
2015-12-07,4,0
2015-12-08,4,0
2015-12-09,1,0
2015-12-10,1,0
2015-12-11,4,0
2015-12-14,23,0
2015-12-15,20,0
2015-12-16,1,0
2015-12-17,48,0
2015-12-18,1,0
2015-12-21,23,0
2015-12-22,48,0
2015-12-23,1,0
2015-12-28,1,0
2015-12-29,1,0
2015-12-30,1,0
2016-01-04,2,0
2016-01-05,2,0
2016-01-06,2,0
2016-01-07,2,0
2016-01-08,2,0
2016-01-11,2,0
2016-01-12,23,0
2016-01-13,23,0
2016-01-14,23,0
2016-01-15,23,0
2016-01-18,23,0
2016-01-19,26,0
2016-01-20,23,0
2016-01-21,2,0
2016-01-22,2,0
2016-01-25,2,0
2016-01-26,2,0
2016-01-27,2,0
2016-01-28,2,0
2016-01-29,20,0
2016-02-01,48,0
2016-02-02,48,0
2016-02-03,48,0
2016-02-04,48,0
2016-02-05,4,0
2016-02-08,48,0
2016-02-09,48,0
2016-02-10,48,0
2016-02-11,20,0
2016-02-12,20,0
2016-02-15,48,0
2016-02-16,48,0
2016-02-17,20,0
2016-02-18,48,0
2016-02-19,48,0
2016-02-22,20,0
2016-02-23,48,0
2016-02-24,48,0
2016-02-25,48,0
2016-02-26,48,0
2016-02-29,48,0
2016-03-01,4,0
2016-03-02,1,0
2016-03-03,1,0
2016-03-04,1,0
2016-03-07,1,0
2016-03-08,4,0
2016-03-09,4,0
2016-03-10,23,0
2016-03-11,17,0
2016-03-14,1,0
2016-03-15,1,0
2016-03-16,1,0
2016-03-17,23,0
2016-03-18,1,0
2016-03-21,23,0
2016-03-22,23,0
2016-03-23,19,0
2016-03-24,39,0
2016-03-29,26,0
2016-03-30,26,0
2016-03-31,26,0
2016-04-01,23,0
2016-04-04,23,0
2016-04-05,39,0
2016-04-06,1,0
2016-04-07,23,0
2016-04-08,1,0
2016-04-11,23,0
2016-04-12,4,0
2016-04-13,20,0
2016-04-14,1,0
2016-04-15,1,0
2016-04-18,23,0
2016-04-19,42,0
2016-04-20,4,0
2016-04-21,16,0
2016-04-22,16,0
2016-04-25,26,0
2016-04-26,26,0
2016-04-27,14,0
2016-04-28,26,0
2016-04-29,25,0
2016-05-02,26,0
2016-05-03,39,0
2016-05-04,26,0
2016-05-06,4,0
2016-05-09,4,0
2016-05-10,26,0
2016-05-11,1,0
2016-05-12,23,0
2016-05-13,23,0
2016-05-17,23,0
2016-05-18,26,0
2016-05-19,24,0
2016-05-20,39,0
2016-05-23,4,0
2016-05-24,23,0
2016-05-25,1,0
2016-05-26,1,0
2016-05-27,1,0
2016-05-30,27,0
2016-05-31,1,0
2016-06-01,1,0
2016-06-02,26,0
2016-06-03,23,0
2016-06-06,27,0
2016-06-07,26,0
2016-06-08,27,0
2016-06-09,26,0
2016-06-10,39,0
2016-06-13,0,0
2016-06-14,39,0
2016-06-15,26,0
2016-06-16,26,0
2016-06-17,26,0
2016-06-20,42,0
2016-06-21,1,0
2016-06-22,1,0
2016-06-23,23,0
2016-06-24,32,0
2016-06-27,32,0
2016-06-28,32,0
2016-06-29,32,0
2016-06-30,32,0
2016-07-01,32,0
2016-07-04,10,0
2016-07-05,32,0
2016-07-06,10,0
2016-07-07,10,0
2016-07-08,10,0
2016-07-11,49,0
2016-07-12,49,0
2016-07-13,49,0
2016-07-14,49,0
2016-07-15,49,0
2016-07-18,49,0
2016-07-19,49,0
2016-07-20,49,0
2016-07-21,49,0
2016-07-22,49,0
2016-07-25,49,0
2016-07-26,49,0
2016-07-27,49,0
2016-07-28,49,0
2016-07-29,49,0
2016-08-02,49,0
2016-08-03,49,0
2016-08-04,49,0
2016-08-05,49,0
2016-08-08,49,0
2016-08-09,49,0
2016-08-10,49,0
2016-08-11,49,0
2016-08-12,49,0
2016-08-15,49,0
2016-08-16,49,0
2016-08-17,49,0
2016-08-18,49,0
2016-08-19,49,0
2016-08-22,49,0
2016-08-23,49,0
2016-08-24,49,0
2016-08-25,49,0
2016-08-26,49,0
2016-08-29,49,0
2016-08-30,49,0
2016-08-31,49,0
2016-09-01,49,0
2016-09-02,49,0
2016-09-05,49,0
2016-09-06,49,0
2016-09-07,49,0
2016-09-08,35,0
2016-09-09,49,0
2016-09-12,49,0
2016-09-13,49,0
2016-09-14,49,0
2016-09-15,49,0
2016-09-16,49,0
2016-09-19,14,0
2016-09-20,16,0
2016-09-21,29,0
2016-09-22,4,0
2016-09-23,14,0
2016-09-26,25,0
2016-09-27,4,0
2016-09-28,1,0
2016-09-29,4,0
2016-09-30,23,0
2016-10-03,33,0
2016-10-04,19,0
2016-10-05,19,0
2016-10-06,33,0
2016-10-07,33,0
2016-10-10,26,0
2016-10-11,26,0
2016-10-12,33,0
2016-10-13,26,0
2016-10-14,26,0
2016-10-17,33,0
2016-10-18,24,0
2016-10-19,33,0
2016-10-20,1,0
2016-10-21,33,0
2016-10-24,33,0
2016-10-25,27,0
2016-10-26,26,0
2016-10-27,26,0
2016-10-28,26,0
2016-10-31,27,0
2016-11-01,47,0
2016-11-02,5,0
2016-11-03,16,0
2016-11-04,16,0
2016-11-07,39,0
2016-11-08,16,0
2016-11-09,23,0
2016-11-10,23,0
2016-11-11,30,0
2016-11-14,30,0
2016-11-15,27,0
2016-11-16,30,0
2016-11-17,30,0
2016-11-18,30,0
2016-11-21,30,0
2016-11-22,27,0
2016-11-23,26,0
2016-11-24,27,0
2016-11-25,27,0
2016-11-28,30,0
2016-11-29,30,0
2016-11-30,26,0
2016-12-01,27,0
2016-12-02,26,0
2016-12-05,23,0
2016-12-06,26,0
2016-12-07,24,0
2016-12-08,26,0
2016-12-09,16,0
2016-12-12,27,0
2016-12-13,26,0
2016-12-14,27,0
2016-12-15,24,0
2016-12-16,16,0
2016-12-19,27,0
2016-12-20,24,0
2016-12-21,27,0
2016-12-22,27,0
2016-12-23,28,0
2016-12-27,28,0
2016-12-28,28,0
2016-12-29,28,0
2016-12-30,30,0
2017-01-03,0,0
2017-01-04,28,0
2017-01-05,30,0
2017-01-06,27,0
2017-01-09,30,0
2017-01-10,27,0
2017-01-11,30,0
2017-01-12,27,0
2017-01-13,24,0
2017-01-16,24,0
2017-01-17,30,0
2017-01-18,27,0
2017-01-19,27,0
2017-01-20,27,0
2017-01-23,27,0
2017-01-24,27,0
2017-01-25,26,0
2017-01-26,16,0
2017-01-27,16,0
2017-01-30,16,0
2017-01-31,47,0
2017-02-01,16,0
2017-02-02,16,0
2017-02-03,16,0
2017-02-06,16,0
2017-02-07,16,0
2017-02-08,16,0
2017-02-09,16,0
2017-02-10,16,0
2017-02-13,16,0
2017-02-14,14,0
2017-02-15,16,0
2017-02-16,16,0
2017-02-17,16,0
2017-02-20,16,0
2017-02-21,26,0
2017-02-22,16,0
2017-02-23,16,0
2017-02-24,26,0
2017-02-27,27,0
2017-02-28,27,0
2017-03-01,24,0
2017-03-02,27,0
2017-03-03,47,0
2017-03-06,27,0
2017-03-07,27,0
2017-03-08,27,0
2017-03-09,47,0
2017-03-10,27,0
2017-03-13,27,0
2017-03-14,27,0
2017-03-15,27,0
2017-03-16,27,0
2017-03-17,27,0
2017-03-20,27,0
2017-03-21,26,0
2017-03-22,27,0
2017-03-23,30,0
2017-03-24,27,0
2017-03-27,27,0
2017-03-28,24,0
2017-03-29,27,0
2017-03-30,27,0
2017-03-31,27,0
2017-04-03,24,0
2017-04-04,27,0
2017-04-05,27,0
2017-04-06,47,0
2017-04-07,27,0
2017-04-10,27,0
2017-04-11,47,0
2017-04-12,16,0
2017-04-13,27,0
2017-04-18,42,0
2017-04-19,27,0
2017-04-20,26,0
2017-04-21,16,0
2017-04-24,17,0
2017-04-25,3,0
2017-04-26,3,0
2017-04-27,3,0
2017-04-28,3,0
2017-05-02,3,0
2017-05-03,3,0
2017-05-04,3,0
2017-05-05,3,0
2017-05-08,3,0
2017-05-09,3,0
2017-05-10,3,0
2017-05-11,3,0
2017-05-12,3,0
2017-05-15,3,0
2017-05-16,3,0
2017-05-17,3,0
2017-05-18,3,0
2017-05-19,3,0
2017-05-22,3,0
2017-05-23,3,0
2017-05-24,3,0
2017-05-26,3,0
2017-05-29,3,0
2017-05-30,3,0
2017-05-31,3,0
2017-06-01,3,0
2017-06-02,3,0
2017-06-06,3,0
2017-06-07,3,0
2017-06-08,3,0
2017-06-09,3,0
2017-06-12,3,0
2017-06-13,3,0
2017-06-14,3,0
2017-06-15,3,0
2017-06-16,3,0
2017-06-19,3,0
2017-06-20,3,0
2017-06-21,3,0
2017-06-22,3,0
2017-06-23,3,0
2017-06-26,3,0
2017-06-27,3,0
2017-06-28,3,0
2017-06-29,3,0
2017-06-30,3,0
2017-07-03,3,0
2017-07-04,3,0
2017-07-05,3,0
2017-07-06,3,0
2017-07-07,3,0
2017-07-10,3,0
2017-07-11,3,0
2017-07-12,3,0
2017-07-13,3,0
2017-07-14,3,0
2017-07-17,3,0
2017-07-18,3,0
2017-07-19,3,0
2017-07-20,26,0
2017-07-21,19,0
2017-07-24,33,0
2017-07-25,33,0
2017-07-26,33,0
2017-07-27,33,0
2017-07-28,33,0
2017-07-31,33,0
2017-08-02,39,0
2017-08-03,33,0
2017-08-04,26,0
2017-08-07,14,0
2017-08-08,33,0
2017-08-09,29,0
2017-08-10,29,0
2017-08-11,14,0
2017-08-14,16,0
2017-08-15,14,0
2017-08-16,16,0
2017-08-17,16,0
2017-08-18,26,0
2017-08-21,16,0
2017-08-22,14,0
2017-08-23,16,0
2017-08-24,14,0
2017-08-25,16,0
2017-08-28,16,0
2017-08-29,26,0
2017-08-30,24,0
2017-08-31,16,0
2017-09-01,16,0
2017-09-04,14,0
2017-09-05,16,0
2017-09-06,26,0
2017-09-07,16,0
2017-09-08,14,0
2017-09-11,39,0
2017-09-12,14,0
2017-09-13,14,0
2017-09-14,14,0
2017-09-15,14,0
2017-09-18,14,0
2017-09-19,14,0
2017-09-20,14,0
2017-09-21,28,0
2017-09-22,27,0
2017-09-25,27,0
2017-09-26,28,0
2017-09-27,14,0
2017-09-28,28,0
2017-09-29,24,0
2017-10-02,28,0
2017-10-03,28,0
2017-10-04,33,0
2017-10-05,24,0
2017-10-06,14,0
2017-10-09,14,0
2017-10-10,14,0
2017-10-11,14,0
2017-10-12,14,0
2017-10-13,14,0
2017-10-16,14,0
2017-10-17,14,0
2017-10-18,14,0
2017-10-19,16,0
2017-10-20,14,0
2017-10-23,16,0
2017-10-24,14,0
2017-10-25,16,0
2017-10-26,26,0
2017-10-27,16,0
2017-10-30,14,0
2017-10-31,14,0
2017-11-01,16,0
2017-11-02,27,0
2017-11-03,27,0
2017-11-06,27,0
2017-11-07,16,0
2017-11-08,27,0
2017-11-09,26,0
2017-11-10,27,0
2017-11-13,26,0
2017-11-14,26,0
2017-11-15,26,0
2017-11-16,27,0
2017-11-17,27,0
2017-11-20,27,0
2017-11-21,26,0
2017-11-22,26,0
2017-11-23,26,0
2017-11-24,16,0
2017-11-27,26,0
2017-11-28,27,0
2017-11-29,16,0
2017-11-30,16,0
2017-12-01,24,0
2017-12-04,16,0
2017-12-05,16,0
2017-12-06,16,0
2017-12-07,16,0
2017-12-08,16,0
2017-12-11,16,0
2017-12-12,16,0
2017-12-13,24,0
2017-12-14,16,0
2017-12-15,16,0
2017-12-18,24,0
2017-12-19,16,0
2017-12-20,16,0
2017-12-21,16,0
2017-12-22,27,0
2017-12-27,16,0
2017-12-28,16,0
2017-12-29,24,0
2018-01-03,47,0
2018-01-04,47,0
2018-01-05,39,0
2018-01-08,27,0
2018-01-09,27,0
2018-01-10,27,0
2018-01-11,27,0
2018-01-12,27,0
2018-01-15,27,0
2018-01-16,27,0
2018-01-17,27,0
2018-01-18,27,0
2018-01-19,27,0
2018-01-22,27,0
2018-01-23,27,0
2018-01-24,24,0
2018-01-25,16,0
2018-01-26,27,0
2018-01-29,27,0
2018-01-30,27,0
2018-01-31,27,0
2018-02-01,47,0
2018-02-02,24,0
2018-02-05,24,0
2018-02-06,23,0
2018-02-07,19,0
2018-02-08,19,0
2018-02-09,19,0
2018-02-12,19,0
2018-02-13,1,0
2018-02-14,40,0
2018-02-15,19,0
2018-02-16,44,0
2018-02-19,1,0
2018-02-20,1,0
2018-02-21,33,0
2018-02-22,19,0
2018-02-23,33,0
2018-02-26,28,0
2018-02-27,33,0
2018-02-28,33,0
2018-03-01,33,0
2018-03-02,25,0
2018-03-05,19,0
2018-03-06,33,0
2018-03-07,29,0
2018-03-08,29,0
2018-03-09,29,0
2018-03-12,29,0
2018-03-13,29,0
2018-03-14,29,0
2018-03-15,14,0
2018-03-16,29,0
2018-03-19,29,0
2018-03-20,29,0
2018-03-21,29,0
2018-03-22,19,0
2018-03-23,29,0
2018-03-26,29,0
2018-03-27,29,0
2018-03-28,4,0
2018-03-29,29,0
2018-04-03,29,0
2018-04-04,29,0
2018-04-05,39,0
2018-04-06,14,0
2018-04-09,16,0
2018-04-10,14,0
2018-04-11,33,0
2018-04-12,33,0
2018-04-13,33,0
2018-04-16,33,0
2018-04-17,1,0
2018-04-18,28,0
2018-04-19,28,0
2018-04-20,33,0
2018-04-23,33,0
2018-04-24,33,0
2018-04-25,33,0
2018-04-26,33,0
2018-04-27,14,0
2018-04-30,14,0
2018-05-02,14,0
2018-05-03,14,0
2018-05-04,14,0
2018-05-07,29,0
2018-05-08,14,0
2018-05-09,14,0
2018-05-11,14,0
2018-05-14,14,0
2018-05-15,14,0
2018-05-16,14,0
2018-05-17,24,0
2018-05-18,16,0
2018-05-22,14,0
2018-05-23,29,0
2018-05-24,26,0
2018-05-25,26,0
2018-05-28,26,0
2018-05-29,26,0
2018-05-30,30,0
2018-05-31,19,0
2018-06-01,30,0
2018-06-04,30,0
2018-06-05,30,0
2018-06-06,30,0
2018-06-07,30,0
2018-06-08,30,0
2018-06-11,24,0
2018-06-12,30,0
2018-06-13,27,0
2018-06-14,23,0
2018-06-15,16,0
2018-06-18,26,0
2018-06-19,47,0
2018-06-20,16,0
2018-06-21,47,0
2018-06-22,24,0
2018-06-25,39,0
2018-06-26,16,0
2018-06-27,4,0
2018-06-28,47,0
2018-06-29,1,0
2018-07-02,1,0
2018-07-03,1,0
2018-07-04,14,0
2018-07-05,19,0
2018-07-06,29,0
2018-07-09,14,0
2018-07-10,33,0
2018-07-11,41,0
2018-07-12,33,0
2018-07-13,14,0
2018-07-16,14,0
2018-07-17,29,0
2018-07-18,41,0
2018-07-19,14,0
2018-07-20,19,0
2018-07-23,14,0
2018-07-24,33,0
2018-07-25,33,0
2018-07-26,5,0
2018-07-27,14,0
2018-07-30,14,0
2018-07-31,14,0
2018-08-02,29,0
2018-08-03,14,0
2018-08-06,29,0
2018-08-07,29,0
2018-08-08,14,0
2018-08-09,14,0
2018-08-10,4,0
2018-08-13,14,0
2018-08-14,29,0
2018-08-15,19,0
2018-08-16,33,0
2018-08-17,33,0
2018-08-20,33,0
2018-08-21,29,0
2018-08-22,18,0
2018-08-23,34,0
2018-08-24,34,0
2018-08-27,18,0
2018-08-28,34,0
2018-08-29,34,0
2018-08-30,18,0
2018-08-31,41,0
2018-09-03,34,0
2018-09-04,19,0
2018-09-05,5,0
2018-09-06,33,0
2018-09-07,33,0
2018-09-10,18,0
2018-09-11,18,0
2018-09-12,18,0
2018-09-13,18,0
2018-09-14,34,0
2018-09-17,34,0
2018-09-18,18,0
2018-09-19,18,0
2018-09-20,18,0
2018-09-21,18,0
2018-09-24,34,0
2018-09-25,34,0
2018-09-26,34,0
2018-09-27,18,0
2018-09-28,18,0
2018-10-01,18,0
2018-10-02,18,0
2018-10-03,18,0
2018-10-04,18,0
2018-10-05,18,0
2018-10-08,18,0
2018-10-09,29,0
2018-10-10,21,0
2018-10-11,19,0
2018-10-12,19,0
2018-10-15,18,0
2018-10-16,25,0
2018-10-17,19,0
2018-10-18,19,0
2018-10-19,19,0
2018-10-22,19,0
2018-10-23,29,0
2018-10-24,19,0
2018-10-25,29,0
2018-10-26,19,0
2018-10-29,29,0
2018-10-30,29,0
2018-10-31,29,0
2018-11-01,29,0
2018-11-02,4,0
2018-11-05,14,0
2018-11-06,29,0
2018-11-07,29,0
2018-11-08,29,0
2018-11-09,29,0
2018-11-12,4,0
2018-11-13,16,0
2018-11-14,4,0
2018-11-15,4,0
2018-11-16,4,0
2018-11-19,26,0
2018-11-20,26,0
2018-11-21,24,0
2018-11-22,16,0
2018-11-23,16,0
2018-11-26,16,0
2018-11-27,16,0
2018-11-28,14,0
2018-11-29,16,0
2018-11-30,16,0
2018-12-03,26,0
2018-12-04,24,0
2018-12-05,24,0
2018-12-06,25,0
2018-12-07,19,0
2018-12-10,19,0
2018-12-11,19,0
2018-12-12,19,0
2018-12-13,1,0
2018-12-14,1,0
2018-12-17,1,0
2018-12-18,1,0
2018-12-19,33,0
2018-12-20,26,0
2018-12-21,19,0
2018-12-27,23,0
2018-12-28,1,0
2019-01-03,1,0
2019-01-04,20,0
2019-01-07,1,0
2019-01-08,1,0
2019-01-09,1,0
2019-01-10,1,0
2019-01-11,1,0
2019-01-14,1,0
2019-01-15,4,0
2019-01-16,16,0
2019-01-17,14,0
2019-01-18,39,0
2019-01-21,28,0
2019-01-22,33,0
2019-01-23,26,0
2019-01-24,33,0
2019-01-25,33,0
2019-01-28,33,0
2019-01-29,33,0
2019-01-30,28,0
2019-01-31,26,0
2019-02-01,33,0
2019-02-04,26,0
2019-02-05,39,0
2019-02-06,14,0
2019-02-07,0,0
2019-02-08,26,0
2019-02-11,33,0
2019-02-12,33,0
2019-02-13,33,0
2019-02-14,19,0
2019-02-15,0,0
2019-02-18,28,0
2019-02-19,33,0
2019-02-20,33,0
2019-02-21,28,0
2019-02-22,33,0
2019-02-25,28,0
2019-02-26,33,0
2019-02-27,28,0
2019-02-28,0,0
2019-03-01,33,0
2019-03-04,28,0
2019-03-05,33,0
2019-03-06,33,0
2019-03-07,33,0
2019-03-08,27,0
2019-03-11,27,0
2019-03-12,26,0
2019-03-13,27,0
2019-03-14,27,0
2019-03-15,26,0
2019-03-18,27,0
2019-03-19,16,0
2019-03-20,24,0
2019-03-21,16,0
2019-03-22,42,0
2019-03-25,26,0
2019-03-26,27,0
2019-03-27,47,0
2019-03-28,27,0
2019-03-29,24,0
2019-04-01,33,0
2019-04-02,14,0
2019-04-03,21,0
2019-04-04,14,0
2019-04-05,14,0
2019-04-08,28,0
2019-04-09,33,0
2019-04-10,28,0
2019-04-11,33,0
2019-04-12,33,0
2019-04-15,34,0
2019-04-16,34,0
2019-04-17,33,0
2019-04-18,18,0
2019-04-23,34,0
2019-04-24,14,0
2019-04-25,14,0
2019-04-26,14,0
2019-04-29,18,0
2019-04-30,18,0
2019-05-02,14,0
2019-05-03,18,0
2019-05-06,19,0
2019-05-07,19,0
2019-05-08,18,0
2019-05-09,25,0
2019-05-10,18,0
2019-05-13,19,0
2019-05-14,25,0
2019-05-15,10,0
2019-05-16,10,0
2019-05-17,18,0
2019-05-20,10,0
2019-05-21,18,0
2019-05-22,18,0
2019-05-23,25,0
2019-05-24,18,0
2019-05-27,18,0
2019-05-28,18,0
2019-05-29,29,0
2019-05-31,19,0
2019-06-03,29,0
2019-06-04,29,0
2019-06-05,18,0
2019-06-06,29,0
2019-06-07,29,0
2019-06-11,18,0
2019-06-12,18,0
2019-06-13,18,0
2019-06-14,18,0
2019-06-17,34,0
2019-06-18,19,0
2019-06-19,34,0
2019-06-20,33,0
2019-06-21,19,0
2019-06-24,33,0
2019-06-25,34,0
2019-06-26,33,0
2019-06-27,33,0
2019-06-28,41,0
2019-07-01,19,0
2019-07-02,34,0
2019-07-03,41,0
2019-07-04,34,0
2019-07-05,33,0
2019-07-08,34,0
2019-07-09,33,0
2019-07-10,33,0
2019-07-11,33,0
2019-07-12,28,0
2019-07-15,33,0
2019-07-16,33,0
2019-07-17,33,0
2019-07-18,14,0
2019-07-19,29,0
2019-07-22,14,0
2019-07-23,29,0
2019-07-24,14,0
2019-07-25,19,0
2019-07-26,28,0
2019-07-29,33,0
2019-07-30,0,0
2019-07-31,28,0
2019-08-02,36,0
2019-08-05,19,0
2019-08-06,19,0
2019-08-07,19,0
2019-08-08,0,0
2019-08-09,44,0
2019-08-12,19,0
2019-08-13,19,0
2019-08-14,40,0
2019-08-15,19,0
2019-08-16,0,0
2019-08-19,44,0
2019-08-20,44,0
2019-08-21,0,0
2019-08-22,19,0
2019-08-23,19,0
2019-08-26,19,0
2019-08-27,19,0
2019-08-28,29,0
2019-08-29,25,0
2019-08-30,29,0
2019-09-02,14,0
2019-09-03,14,0
2019-09-04,29,0
2019-09-05,24,0
2019-09-06,34,0
2019-09-09,34,0
2019-09-10,33,0
2019-09-11,34,0
2019-09-12,18,0
2019-09-13,34,0
2019-09-16,41,0
2019-09-17,34,0
2019-09-18,34,0
2019-09-19,18,0
2019-09-20,18,0
2019-09-23,18,0
2019-09-24,14,0
2019-09-25,29,0
2019-09-26,18,0
2019-09-27,14,0
2019-09-30,18,0
2019-10-01,19,0
2019-10-02,36,0
2019-10-03,44,0
2019-10-04,44,0
2019-10-07,44,0
2019-10-08,19,0
2019-10-09,19,0
2019-10-10,19,0
2019-10-11,36,0
2019-10-14,44,0
2019-10-15,19,0
2019-10-16,34,0
2019-10-17,19,0
2019-10-18,18,0
2019-10-21,18,0
2019-10-22,34,0
2019-10-23,18,0
2019-10-24,34,0
2019-10-25,18,0
2019-10-28,34,0
2019-10-29,34,0
2019-10-30,18,0
2019-10-31,18,0
2019-11-01,34,0
2019-11-04,18,0
2019-11-05,34,0
2019-11-06,34,0
2019-11-07,34,0
2019-11-08,34,0
2019-11-11,34,0
2019-11-12,34,0
2019-11-13,18,0
2019-11-14,34,0
2019-11-15,18,0
2019-11-18,18,0
2019-11-19,18,0
2019-11-20,18,0
2019-11-21,18,0
2019-11-22,18,0
2019-11-25,34,0
2019-11-26,34,0
2019-11-27,34,0
2019-11-28,34,0
2019-11-29,18,0
2019-12-02,10,0
2019-12-03,10,0
2019-12-04,44,0
2019-12-05,44,0
2019-12-06,21,0
2019-12-09,41,0
2019-12-10,10,0
2019-12-11,44,0
2019-12-12,44,0
2019-12-13,44,0
2019-12-16,44,0
2019-12-17,44,0
2019-12-18,34,0
2019-12-19,44,0
2019-12-20,41,0
2019-12-23,34,0
2019-12-27,34,0
2019-12-30,41,0
2020-01-03,0,0
2020-01-06,30,0
2020-01-07,30,0
2020-01-08,30,0
2020-01-09,28,0
2020-01-10,28,0
2020-01-13,33,0
2020-01-14,33,0
2020-01-15,33,0
2020-01-16,33,0
2020-01-17,33,0
2020-01-20,34,0
2020-01-21,33,0
2020-01-22,33,0
2020-01-23,33,0
2020-01-24,33,0
2020-01-27,36,0
2020-01-28,10,0
2020-01-29,18,0
2020-01-30,18,0
2020-01-31,10,0
2020-02-03,18,0
2020-02-04,25,0
2020-02-05,19,0
2020-02-06,34,0
2020-02-07,18,0
2020-02-10,34,0
2020-02-11,34,0
2020-02-12,41,0
2020-02-13,19,0
2020-02-14,34,0
2020-02-17,34,0
2020-02-18,34,0
2020-02-19,21,0
2020-02-20,17,0
2020-02-21,44,0
2020-02-24,10,0
2020-02-25,10,0
2020-02-26,10,0
2020-02-27,32,0
2020-02-28,32,0
2020-03-02,32,0
2020-03-03,32,0
2020-03-04,32,0
2020-03-05,32,0
2020-03-06,32,0
2020-03-09,32,0
2020-03-10,32,0
2020-03-11,35,0
2020-03-12,6,1
2020-03-13,37,0
2020-03-16,37,0
2020-03-17,37,0
2020-03-18,37,0
2020-03-19,37,0
2020-03-20,37,0
2020-03-23,37,0
2020-03-24,38,0
2020-03-25,38,0
2020-03-26,12,0
2020-03-27,12,0
2020-03-30,12,0
2020-03-31,12,0
2020-04-01,32,0
2020-04-02,12,0
2020-04-03,32,0
2020-04-06,32,0
2020-04-07,32,0
2020-04-08,32,0
2020-04-09,32,0
2020-04-14,10,0
2020-04-15,32,0
2020-04-16,2,0
2020-04-17,2,0
2020-04-20,2,0
2020-04-21,2,0
2020-04-22,2,0
2020-04-23,2,0
2020-04-24,2,0
2020-04-27,45,1
2020-04-28,2,0
2020-04-29,2,0
2020-04-30,2,0
2020-05-04,2,0
2020-05-05,2,0
2020-05-06,2,0
2020-05-07,20,0
2020-05-08,1,0
2020-05-11,2,0
2020-05-12,1,0
2020-05-13,2,0
2020-05-14,2,0
2020-05-15,2,0
2020-05-18,20,0
2020-05-19,2,0
2020-05-20,2,0
2020-05-22,2,0
2020-05-25,2,0
2020-05-26,2,0
2020-05-27,2,0
2020-05-28,10,0
2020-05-29,2,0
2020-06-02,2,0
2020-06-03,36,0
2020-06-04,2,0
2020-06-05,36,0
2020-06-08,2,0
2020-06-09,2,0
2020-06-10,2,0
2020-06-11,20,0
2020-06-12,15,0
2020-06-15,48,0
2020-06-16,15,0
2020-06-17,48,0
2020-06-18,48,0
2020-06-19,1,0
2020-06-22,48,0
2020-06-23,2,0
2020-06-24,20,0
2020-06-25,2,0
2020-06-26,2,0
2020-06-29,2,0
2020-06-30,1,0
2020-07-01,4,0
2020-07-02,2,0
2020-07-03,2,0
2020-07-06,2,0
2020-07-07,1,0
2020-07-08,1,0
2020-07-09,4,0
2020-07-10,4,0
2020-07-13,1,0
2020-07-14,4,0
2020-07-15,4,0
2020-07-16,1,0
2020-07-17,16,0
2020-07-20,4,0
2020-07-21,4,0
2020-07-22,16,0
2020-07-23,16,0
2020-07-24,4,0
2020-07-27,16,0
2020-07-28,16,0
2020-07-29,27,0
2020-07-30,23,0
2020-07-31,23,0
2020-08-03,23,0
2020-08-04,1,0
2020-08-05,1,0
2020-08-06,23,0
2020-08-07,1,0
2020-08-10,1,0
2020-08-11,23,0
2020-08-12,19,0
2020-08-13,33,0
2020-08-14,19,0
2020-08-17,33,0
2020-08-18,26,0
2020-08-19,26,0
2020-08-20,26,0
2020-08-21,23,0
2020-08-24,0,0
2020-08-25,26,0
2020-08-26,1,0
2020-08-27,1,0
2020-08-28,29,0
2020-08-31,4,0
2020-09-01,4,0
2020-09-02,4,0
2020-09-03,23,0
2020-09-04,23,0
2020-09-07,42,0
2020-09-08,4,0
2020-09-09,42,0
2020-09-10,1,0
2020-09-11,1,0
2020-09-14,1,0
2020-09-15,1,0
2020-09-16,47,0
2020-09-17,47,0
2020-09-18,47,0
2020-09-21,20,0
2020-09-22,26,0
2020-09-23,26,0
2020-09-24,26,0
2020-09-25,4,0
2020-09-28,39,0
2020-09-29,1,0
2020-09-30,1,0
2020-10-01,1,0
2020-10-02,4,0
2020-10-05,14,0
2020-10-06,26,0
2020-10-07,33,0
2020-10-08,33,0
2020-10-09,14,0
2020-10-12,33,0
2020-10-13,33,0
2020-10-14,33,0
2020-10-15,23,0
2020-10-16,19,0
2020-10-19,19,0
2020-10-20,33,0
2020-10-21,0,0
2020-10-22,19,0
2020-10-23,19,0
2020-10-26,17,0
2020-10-27,1,0
2020-10-28,23,0
2020-10-29,19,0
2020-10-30,19,0
2020-11-02,40,0
2020-11-03,39,0
2020-11-04,23,0
2020-11-05,0,0
2020-11-06,19,0
2020-11-09,22,0
2020-11-10,22,0
2020-11-11,30,0
2020-11-12,1,0
2020-11-13,47,0
2020-11-16,22,0
2020-11-17,30,0
2020-11-18,1,0
2020-11-19,30,0
2020-11-20,30,0
2020-11-23,30,0
2020-11-24,24,0
2020-11-25,30,0
2020-11-26,27,0
2020-11-27,30,0
2020-11-30,30,0
2020-12-01,30,0
2020-12-02,30,0
2020-12-03,27,0
2020-12-04,24,0
2020-12-07,30,0
2020-12-08,16,0
2020-12-09,16,0
2020-12-10,47,0
2020-12-11,47,0
2020-12-14,3,0
2020-12-15,3,0
2020-12-16,3,0
2020-12-17,27,0
2020-12-18,47,0
2020-12-21,47,0
2020-12-22,47,0
2020-12-23,47,0
2020-12-28,27,0
2020-12-29,27,0
2020-12-30,27,0
2021-01-04,47,0
2021-01-05,47,0
2021-01-06,47,0
2021-01-07,47,0
2021-01-08,27,0
2021-01-11,47,0
2021-01-12,27,0
2021-01-13,27,0
2021-01-14,27,0
2021-01-15,47,0
2021-01-18,3,0
2021-01-19,3,0
2021-01-20,27,0
2021-01-21,3,0
2021-01-22,3,0
2021-01-25,47,0
2021-01-26,3,0
2021-01-27,22,0
2021-01-28,22,0
2021-01-29,3,0
2021-02-01,3,0
2021-02-02,3,0
2021-02-03,3,0
2021-02-04,3,0
2021-02-05,18,0
2021-02-08,18,0
2021-02-09,18,0
2021-02-10,19,0
2021-02-11,34,0
2021-02-12,18,0
2021-02-15,18,0
2021-02-16,34,0
2021-02-17,34,0
2021-02-18,18,0
2021-02-19,18,0
2021-02-22,19,0
2021-02-23,19,0
2021-02-24,18,0
2021-02-25,29,0
2021-02-26,29,0
2021-03-01,25,0
2021-03-02,29,0
2021-03-03,29,0
2021-03-04,29,0
2021-03-05,29,0
2021-03-08,39,0
2021-03-09,29,0
2021-03-10,25,0
2021-03-11,41,0
2021-03-12,14,0
2021-03-15,33,0
2021-03-16,14,0
2021-03-17,28,0
2021-03-18,33,0
2021-03-19,26,0
2021-03-22,33,0
2021-03-23,33,0
2021-03-24,27,0
2021-03-25,26,0
2021-03-26,27,0
2021-03-29,28,0
2021-03-30,24,0
2021-03-31,28,0
2021-04-01,28,0
2021-04-06,33,0
2021-04-07,28,0
2021-04-08,21,0
2021-04-09,28,0
2021-04-12,24,0
2021-04-13,14,0
2021-04-14,28,0
2021-04-15,28,0
2021-04-16,24,0
2021-04-19,14,0
2021-04-20,0,0
2021-04-21,33,0
2021-04-22,41,0
2021-04-23,33,0
2021-04-26,28,0
2021-04-27,28,0
2021-04-28,27,0
2021-04-29,30,0
2021-04-30,27,0
2021-05-03,30,0
2021-05-04,23,0
2021-05-05,5,0
2021-05-06,30,0
2021-05-07,0,0
2021-05-10,28,0
2021-05-11,40,0
2021-05-12,30,0
2021-05-14,30,0
2021-05-17,1,0
2021-05-18,1,0
2021-05-19,23,0
2021-05-20,30,0
2021-05-21,33,0
2021-05-25,30,0
2021-05-26,33,0
2021-05-27,33,0
2021-05-28,33,0
2021-05-31,33,0
2021-06-01,19,0
2021-06-02,33,0
2021-06-03,33,0
2021-06-04,34,0
2021-06-07,33,0
2021-06-08,33,0
2021-06-09,33,0
2021-06-10,33,0
2021-06-11,41,0
2021-06-14,14,0
2021-06-15,14,0
2021-06-16,34,0
2021-06-17,18,0
2021-06-18,25,0
2021-06-21,29,0
2021-06-22,18,0
2021-06-23,25,0
2021-06-24,41,0
2021-06-25,14,0
2021-06-28,18,0
2021-06-29,18,0
2021-06-30,19,0
2021-07-01,19,0
2021-07-02,33,0
2021-07-05,33,0
2021-07-06,19,0
2021-07-07,14,0
2021-07-08,19,0
2021-07-09,45,1
2021-07-12,19,0
2021-07-13,28,0
2021-07-14,33,0
2021-07-15,19,0
2021-07-16,19,0
2021-07-19,19,0
2021-07-20,19,0
2021-07-21,41,0
2021-07-22,33,0
2021-07-23,41,0
2021-07-26,33,0
2021-07-27,33,0
2021-07-28,41,0
2021-07-29,33,0
2021-07-30,33,0
2021-08-02,18,0
2021-08-03,33,0
2021-08-04,34,0
2021-08-05,33,0
2021-08-06,18,0
2021-08-09,34,0
2021-08-10,34,0
2021-08-11,18,0
2021-08-12,34,0
2021-08-13,34,0
2021-08-16,34,0
2021-08-17,18,0
2021-08-18,14,0
2021-08-19,19,0
2021-08-20,18,0
2021-08-23,18,0
2021-08-24,18,0
2021-08-25,34,0
2021-08-26,18,0
2021-08-27,18,0
2021-08-30,34,0
2021-08-31,44,0
2021-09-01,44,0
2021-09-02,34,0
2021-09-03,44,0
2021-09-06,44,0
2021-09-07,34,0
2021-09-08,44,0
2021-09-09,44,0
2021-09-10,44,0
2021-09-13,44,0
2021-09-14,44,0
2021-09-15,44,0
2021-09-16,44,0
2021-09-17,19,0
2021-09-20,19,0
2021-09-21,44,0
2021-09-22,44,0
2021-09-23,18,0
2021-09-24,33,0
2021-09-27,44,0
2021-09-28,17,0
2021-09-29,18,0
2021-09-30,19,0
2021-10-01,19,0
2021-10-04,18,0
2021-10-05,39,0
2021-10-06,2,0
2021-10-07,21,0
2021-10-08,1,0
2021-10-11,1,0
2021-10-12,1,0
2021-10-13,1,0
2021-10-14,39,0
2021-10-15,14,0
2021-10-18,1,0
2021-10-19,14,0
2021-10-20,33,0
2021-10-21,14,0
2021-10-22,33,0
2021-10-25,28,0
2021-10-26,33,0
2021-10-27,14,0
2021-10-28,28,0
2021-10-29,19,0
2021-11-01,33,0
2021-11-02,33,0
2021-11-03,41,0
2021-11-04,14,0
2021-11-05,33,0
2021-11-08,34,0
2021-11-09,33,0
2021-11-10,14,0
2021-11-11,14,0
2021-11-12,14,0
2021-11-15,41,0
2021-11-16,14,0
2021-11-17,34,0
2021-11-18,33,0
2021-11-19,19,0
2021-11-22,33,0
2021-11-23,33,0
2021-11-24,19,0
2021-11-25,33,0
2021-11-26,36,0
2021-11-29,10,0
2021-11-30,10,0
2021-12-01,36,0
2021-12-02,10,0
2021-12-03,32,0
2021-12-06,32,0
2021-12-07,5,0
2021-12-08,40,0
2021-12-09,40,0
2021-12-10,44,0
2021-12-13,10,0
2021-12-14,10,0
2021-12-15,44,0
2021-12-16,25,0
2021-12-17,19,0
2021-12-20,19,0
2021-12-21,41,0
2021-12-22,29,0
2021-12-23,25,0
2021-12-27,29,0
2021-12-28,18,0
2021-12-29,18,0
2021-12-30,34,0
2022-01-03,18,0
2022-01-04,18,0
2022-01-05,34,0
2022-01-06,18,0
2022-01-07,18,0
2022-01-10,19,0
2022-01-11,18,0
2022-01-12,18,0
2022-01-13,18,0
2022-01-14,18,0
2022-01-17,18,0
2022-01-18,18,0
2022-01-19,19,0
2022-01-20,29,0
2022-01-21,19,0
2022-01-24,10,0
2022-01-25,10,0
2022-01-26,10,0
2022-01-27,10,0
2022-01-28,10,0
2022-01-31,10,0
2022-02-01,44,0
2022-02-02,10,0
2022-02-03,25,0
2022-02-04,2,0
2022-02-07,19,0
2022-02-08,19,0
2022-02-09,25,0
2022-02-10,19,0
2022-02-11,18,0
2022-02-14,19,0
2022-02-15,2,0
2022-02-16,19,0
2022-02-17,19,0
2022-02-18,19,0
2022-02-21,23,0
2022-02-22,23,0
2022-02-23,23,0
2022-02-24,23,0
2022-02-25,20,0
2022-02-28,2,0
2022-03-01,17,0
2022-03-02,2,0
2022-03-03,15,0
2022-03-04,31,0
2022-03-07,15,0
2022-03-08,15,0
2022-03-09,15,0
2022-03-10,12,0
2022-03-11,12,0
2022-03-14,15,0
2022-03-15,15,0
2022-03-16,15,0
2022-03-17,15,0
2022-03-18,15,0
2022-03-21,1,0
2022-03-22,1,0
2022-03-23,48,0
2022-03-24,30,0
2022-03-25,30,0
2022-03-28,23,0
2022-03-29,23,0
2022-03-30,30,0
2022-03-31,30,0
2022-04-01,30,0
2022-04-04,30,0
2022-04-05,30,0
2022-04-06,23,0
2022-04-07,47,0
2022-04-08,47,0
2022-04-11,47,0
2022-04-12,47,0
2022-04-13,47,0
2022-04-14,27,0
2022-04-19,47,0
2022-04-20,47,0
2022-04-21,47,0
2022-04-22,39,0
2022-04-25,47,0
2022-04-26,47,0
2022-04-27,47,0
2022-04-28,47,0
2022-04-29,47,0
2022-05-02,47,0
2022-05-03,47,0
2022-05-04,47,0
2022-05-05,23,0
2022-05-06,47,0
2022-05-09,42,0
2022-05-10,47,0
2022-05-11,47,0
2022-05-12,48,0
2022-05-13,42,0
2022-05-16,47,0
2022-05-17,47,0
2022-05-18,48,0
2022-05-19,48,0
2022-05-20,48,0
2022-05-23,48,0
2022-05-24,39,0
2022-05-25,48,0
2022-05-27,20,0
2022-05-30,47,0
2022-05-31,47,0
2022-06-01,22,0
2022-06-02,3,0
2022-06-03,22,0
2022-06-07,20,0
2022-06-08,47,0
2022-06-09,47,0
2022-06-10,17,0
2022-06-13,42,0
2022-06-14,4,0
2022-06-15,4,0
2022-06-16,20,0
2022-06-17,48,0
2022-06-20,1,0
2022-06-21,4,0
2022-06-22,48,0
2022-06-23,4,0
2022-06-24,20,0
2022-06-27,48,0
2022-06-28,1,0
2022-06-29,16,0
2022-06-30,4,0
2022-07-01,4,0
2022-07-04,16,0
2022-07-05,20,0
2022-07-06,4,0
2022-07-07,24,0
2022-07-08,4,0
2022-07-11,4,0
2022-07-12,4,0
2022-07-13,4,0
2022-07-14,4,0
2022-07-15,48,0
2022-07-18,1,0
2022-07-19,23,0
2022-07-20,4,0
2022-07-21,4,0
2022-07-22,4,0
2022-07-25,26,0
2022-07-26,16,0
2022-07-27,33,0
2022-07-28,26,0
2022-07-29,26,0
2022-08-02,33,0
2022-08-03,26,0
2022-08-04,26,0
2022-08-05,16,0
2022-08-08,16,0
2022-08-09,1,0
2022-08-10,4,0
2022-08-11,1,0
2022-08-12,33,0
2022-08-15,33,0
2022-08-16,14,0
2022-08-17,26,0
2022-08-18,16,0
2022-08-19,24,0
2022-08-22,4,0
2022-08-23,29,0
2022-08-24,29,0
2022-08-25,29,0
2022-08-26,4,0
2022-08-29,4,0
2022-08-30,4,0
2022-08-31,25,0
2022-09-01,25,0
2022-09-02,39,0
2022-09-05,23,0
2022-09-06,1,0
2022-09-07,1,0
2022-09-08,23,0
2022-09-09,23,0
2022-09-12,42,0
2022-09-13,23,0
2022-09-14,1,0
2022-09-15,4,0
2022-09-16,16,0
2022-09-19,4,0
2022-09-20,4,0
2022-09-21,4,0
2022-09-22,4,0
2022-09-23,4,0
2022-09-26,4,0
2022-09-27,4,0
2022-09-28,4,0
2022-09-29,4,0
2022-09-30,16,0
2022-10-03,4,0
2022-10-04,42,0
2022-10-05,47,0
2022-10-06,47,0
2022-10-07,47,0
2022-10-10,47,0
2022-10-11,47,0
2022-10-12,47,0
2022-10-13,48,0
2022-10-14,47,0
2022-10-17,47,0
2022-10-18,47,0
2022-10-19,47,0
2022-10-20,47,0
2022-10-21,47,0
2022-10-24,47,0
2022-10-25,47,0
2022-10-26,47,0
2022-10-27,47,0
2022-10-28,47,0
2022-10-31,27,0
2022-11-01,47,0
2022-11-02,47,0
2022-11-03,47,0
2022-11-04,47,0
2022-11-07,47,0
2022-11-08,47,0
2022-11-09,27,0
2022-11-10,42,0
2022-11-11,47,0
2022-11-14,47,0
2022-11-15,47,0
2022-11-16,47,0
2022-11-17,47,0
2022-11-18,47,0
2022-11-21,27,0
2022-11-22,47,0
2022-11-23,27,0
2022-11-24,27,0
2022-11-25,27,0
2022-11-28,27,0
2022-11-29,27,0
2022-11-30,27,0
2022-12-01,27,0
2022-12-02,30,0
2022-12-05,27,0
2022-12-06,3,0
2022-12-07,3,0
2022-12-08,3,0
2022-12-09,47,0
2022-12-12,27,0
2022-12-13,47,0
2022-12-14,27,0
2022-12-15,39,0
2022-12-16,47,0
2022-12-19,27,0
2022-12-20,47,0
2022-12-21,39,0
2022-12-22,1,0
2022-12-23,1,0
2022-12-27,1,0
2022-12-28,1,0
2022-12-29,19,0
2022-12-30,39,0
2023-01-03,23,0
2023-01-04,17,0
2023-01-05,1,0
2023-01-06,0,0
2023-01-09,1,0
2023-01-10,1,0
2023-01-11,1,0
2023-01-12,1,0
2023-01-13,33,0
2023-01-16,28,0
2023-01-17,26,0
2023-01-18,33,0
2023-01-19,24,0
2023-01-20,14,0
2023-01-23,33,0
2023-01-24,33,0
2023-01-25,26,0
2023-01-26,14,0
2023-01-27,33,0
2023-01-30,26,0
2023-01-31,33,0
2023-02-01,14,0
2023-02-02,39,0
2023-02-03,29,0
2023-02-06,29,0
2023-02-07,14,0
2023-02-08,29,0
2023-02-09,29,0
2023-02-10,29,0
2023-02-13,41,0
2023-02-14,29,0
2023-02-15,25,0
2023-02-16,29,0
2023-02-17,29,0
2023-02-20,14,0
2023-02-21,29,0
2023-02-22,29,0
2023-02-23,29,0
2023-02-24,4,0
2023-02-27,29,0
2023-02-28,29,0
2023-03-01,29,0
2023-03-02,29,0
2023-03-03,25,0
2023-03-06,18,0
2023-03-07,29,0
2023-03-08,29,0
2023-03-09,29,0
2023-03-10,29,0
2023-03-13,23,0
2023-03-14,19,0
2023-03-15,10,0
2023-03-16,40,0
2023-03-17,40,0
2023-03-20,32,0
2023-03-21,40,0
2023-03-22,40,0
2023-03-23,40,0
2023-03-24,40,0
2023-03-27,40,0
2023-03-28,10,0
2023-03-29,36,0
2023-03-30,10,0
2023-03-31,44,0
2023-04-03,44,0
2023-04-04,44,0
2023-04-05,44,0
2023-04-06,44,0
2023-04-11,44,0
2023-04-12,44,0
2023-04-13,21,0
2023-04-14,44,0
2023-04-17,44,0
2023-04-18,44,0
2023-04-19,34,0
2023-04-20,18,0
2023-04-21,18,0
2023-04-24,18,0
2023-04-25,18,0
2023-04-26,18,0
2023-04-27,18,0
2023-04-28,18,0
2023-05-02,29,0
2023-05-03,18,0
2023-05-04,25,0
2023-05-05,45,1
2023-05-08,18,0
2023-05-09,18,0
2023-05-10,18,0
2023-05-11,18,0
2023-05-12,18,0
2023-05-15,18,0
2023-05-16,18,0
2023-05-17,18,0
2023-05-19,18,0
2023-05-22,18,0
2023-05-23,21,0
2023-05-24,25,0
2023-05-25,18,0
2023-05-26,19,0
2023-05-30,19,0
2023-05-31,25,0
2023-06-01,18,0
2023-06-02,25,0
2023-06-05,18,0
2023-06-06,18,0
2023-06-07,18,0
2023-06-08,18,0
2023-06-09,18,0
2023-06-12,18,0
2023-06-13,18,0
2023-06-14,16,0
2023-06-15,29,0
2023-06-16,29,0
2023-06-19,14,0
2023-06-20,14,0
2023-06-21,14,0
2023-06-22,26,0
2023-06-23,16,0
2023-06-26,26,0
2023-06-27,16,0
2023-06-28,14,0
2023-06-29,14,0
2023-06-30,29,0
2023-07-03,14,0
2023-07-04,14,0
2023-07-05,16,0
2023-07-06,25,0
2023-07-07,29,0
2023-07-10,29,0
2023-07-11,18,0
2023-07-12,25,0
2023-07-13,29,0
2023-07-14,14,0
2023-07-17,19,0
2023-07-18,33,0
2023-07-19,29,0
2023-07-20,18,0
2023-07-21,18,0
2023-07-24,34,0
2023-07-25,34,0
2023-07-26,19,0
2023-07-27,17,0
2023-07-28,19,0
2023-07-31,33,0
2023-08-02,36,0
2023-08-03,19,0
2023-08-04,19,0
2023-08-07,18,0
2023-08-08,19,0
2023-08-09,19,0
2023-08-10,19,0
2023-08-11,19,0
2023-08-14,1,0
2023-08-15,19,0
2023-08-16,18,0
2023-08-17,25,0
2023-08-18,19,0
2023-08-21,19,0
2023-08-22,19,0
2023-08-23,18,0
2023-08-24,29,0
2023-08-25,29,0
2023-08-28,25,0
2023-08-29,18,0
2023-08-30,18,0
2023-08-31,29,0
2023-09-01,29,0
2023-09-04,29,0
2023-09-05,29,0
2023-09-06,29,0
2023-09-07,29,0
2023-09-08,29,0
2023-09-11,29,0
2023-09-12,29,0
2023-09-13,29,0
2023-09-14,29,0
2023-09-15,29,0
2023-09-18,29,0
2023-09-19,18,0
2023-09-20,29,0
2023-09-21,29,0
2023-09-22,29,0
2023-09-25,29,0
2023-09-26,29,0
2023-09-27,29,0
2023-09-28,29,0
2023-09-29,29,0
2023-10-02,4,0
2023-10-03,29,0
2023-10-04,29,0
2023-10-05,14,0
2023-10-06,29,0
2023-10-09,29,0
2023-10-10,39,0
2023-10-11,16,0
2023-10-12,16,0
2023-10-13,39,0
2023-10-16,4,0
2023-10-17,4,0
2023-10-18,4,0
2023-10-19,16,0
2023-10-20,24,0
2023-10-23,4,0
2023-10-24,29,0
2023-10-25,16,0
2023-10-26,16,0
2023-10-27,13,0
2023-10-30,16,0
2023-10-31,16,0
2023-11-01,16,0
2023-11-02,47,0
2023-11-03,16,0
2023-11-06,16,0
2023-11-07,16,0
2023-11-08,47,0
2023-11-09,47,0
2023-11-10,16,0
2023-11-13,24,0
2023-11-14,47,0
2023-11-15,16,0
2023-11-16,27,0
2023-11-17,16,0
2023-11-20,27,0
2023-11-21,28,0
2023-11-22,28,0
2023-11-23,28,0
2023-11-24,28,0
2023-11-27,28,0
2023-11-28,28,0
2023-11-29,30,0
2023-11-30,28,0
2023-12-01,24,0
2023-12-04,28,0
2023-12-05,30,0
2023-12-06,33,0
2023-12-07,28,0
2023-12-08,26,0
2023-12-11,28,0
2023-12-12,27,0
2023-12-13,27,0
2023-12-14,26,0
2023-12-15,33,0
2023-12-18,27,0
2023-12-19,28,0
2023-12-20,27,0
2023-12-21,27,0
2023-12-22,27,0
2023-12-27,27,0
2023-12-28,27,0
2023-12-29,27,0
2024-01-03,26,0
2024-01-04,27,0
2024-01-05,26,0
2024-01-08,33,0
2024-01-09,33,0
2024-01-10,33,0
2024-01-11,19,0
2024-01-12,33,0
2024-01-15,33,0
2024-01-16,33,0
2024-01-17,33,0
2024-01-18,26,0
2024-01-19,26,0
2024-01-22,16,0
2024-01-23,16,0
2024-01-24,45,1
2024-01-25,16,0
2024-01-26,39,0
2024-01-29,27,0
2024-01-30,27,0
2024-01-31,27,0
2024-02-01,27,0
2024-02-02,27,0
2024-02-05,27,0
2024-02-06,27,0
2024-02-07,27,0
2024-02-08,27,0
2024-02-09,27,0
2024-02-12,24,0
2024-02-13,26,0
2024-02-14,27,0
2024-02-15,27,0
2024-02-16,27,0
2024-02-19,27,0
2024-02-20,28,0
2024-02-21,27,0
2024-02-22,26,0
2024-02-23,27,0
2024-02-26,27,0
2024-02-27,27,0
2024-02-28,28,0
2024-02-29,27,0
2024-03-01,27,0
2024-03-04,27,0
2024-03-05,27,0
2024-03-06,27,0
2024-03-07,0,0
2024-03-08,27,0
2024-03-11,24,0
2024-03-12,30,0
2024-03-13,27,0
2024-03-14,30,0
2024-03-15,30,0
2024-03-18,27,0
2024-03-19,24,0
2024-03-20,27,0
2024-03-21,0,0
2024-03-22,27,0
2024-03-25,27,0
2024-03-26,27,0
2024-03-27,27,0
2024-03-28,27,0
2024-04-02,47,0
2024-04-03,27,0
2024-04-04,27,0
2024-04-05,26,0
2024-04-08,27,0
2024-04-09,16,0
2024-04-10,26,0
2024-04-11,26,0
2024-04-12,26,0
2024-04-15,30,0
2024-04-16,30,0
2024-04-17,30,0
2024-04-18,30,0
2024-04-19,19,0
2024-04-22,33,0
2024-04-23,39,0
2024-04-24,33,0
2024-04-25,19,0
2024-04-26,26,0
2024-04-29,33,0
2024-04-30,25,0
2024-05-02,33,0
2024-05-03,16,0
2024-05-06,16,0
2024-05-07,24,0
2024-05-08,14,0
2024-05-10,33,0
2024-05-13,28,0
2024-05-14,28,0
2024-05-15,28,0
2024-05-16,27,0
2024-05-17,27,0
2024-05-21,33,0
2024-05-22,28,0
2024-05-23,33,0
2024-05-24,26,0
2024-05-27,28,0
2024-05-28,26,0
2024-05-29,24,0
2024-05-30,33,0
2024-05-31,14,0
2024-06-03,16,0
2024-06-04,26,0
2024-06-05,24,0
2024-06-06,14,0
2024-06-07,26,0
2024-06-10,26,0
2024-06-11,26,0
2024-06-12,24,0
2024-06-13,39,0
2024-06-14,23,0
2024-06-17,1,0
2024-06-18,33,0
2024-06-19,33,0
2024-06-20,21,0
2024-06-21,1,0
2024-06-24,1,0
2024-06-25,1,0
2024-06-26,4,0
2024-06-27,33,0
2024-06-28,33,0
2024-07-01,26,0
2024-07-02,26,0
2024-07-03,33,0
2024-07-04,28,0
2024-07-05,26,0
2024-07-08,26,0
2024-07-09,26,0
2024-07-10,26,0
2024-07-11,33,0
2024-07-12,25,0
2024-07-15,16,0
2024-07-16,14,0
2024-07-17,26,0
2024-07-18,26,0
2024-07-19,24,0
2024-07-22,26,0
2024-07-23,26,0
2024-07-24,16,0
2024-07-25,26,0
2024-07-26,24,0
2024-07-29,4,0
2024-07-30,14,0
2024-07-31,26,0
2024-08-02,36,0
2024-08-05,10,0
2024-08-06,10,0
2024-08-07,10,0
2024-08-08,10,0
2024-08-09,10,0
2024-08-12,18,0
2024-08-13,18,0
2024-08-14,34,0
2024-08-15,10,0
2024-08-16,18,0
2024-08-19,18,0
2024-08-20,18,0
2024-08-21,34,0
2024-08-22,49,0
2024-08-23,34,0
2024-08-26,34,0
2024-08-27,34,0
2024-08-28,44,0
2024-08-29,41,0
2024-08-30,49,0
2024-09-02,49,0
2024-09-03,10,0
2024-09-04,18,0
2024-09-05,18,0
2024-09-06,10,0
2024-09-09,18,0
2024-09-10,18,0
2024-09-11,18,0
2024-09-12,18,0
2024-09-13,18,0
2024-09-16,49,0
2024-09-17,18,0
2024-09-18,49,0
2024-09-19,25,0
2024-09-20,41,0
2024-09-23,18,0
2024-09-24,18,0
2024-09-25,18,0
2024-09-26,36,0
2024-09-27,25,0
2024-09-30,25,0
2024-10-01,2,0
2024-10-02,18,0
2024-10-03,18,0
2024-10-04,18,0
2024-10-07,18,0
2024-10-08,18,0
2024-10-09,18,0
2024-10-10,18,0
2024-10-11,18,0
2024-10-14,18,0
2024-10-15,25,0
2024-10-16,18,0
2024-10-17,18,0
2024-10-18,18,0
2024-10-21,18,0
2024-10-22,18,0
2024-10-23,18,0
2024-10-24,18,0
2024-10-25,16,0
2024-10-28,16,0
2024-10-29,16,0
2024-10-30,13,0
2024-10-31,13,0
2024-11-01,13,0
2024-11-04,16,0
2024-11-05,16,0
2024-11-06,23,0
2024-11-07,16,0
2024-11-08,4,0
2024-11-11,1,0
2024-11-12,39,0
2024-11-13,1,0
2024-11-14,4,0
2024-11-15,1,0
2024-11-18,1,0
2024-11-19,48,0
2024-11-20,1,0
2024-11-21,1,0
2024-11-22,4,0
2024-11-25,16,0
2024-11-26,16,0
2024-11-27,16,0
2024-11-28,16,0
2024-11-29,26,0
2024-12-02,26,0
2024-12-03,16,0
2024-12-04,14,0
2024-12-05,24,0
2024-12-06,16,0
2024-12-09,16,0
2024-12-10,24,0
2024-12-11,14,0
2024-12-12,28,0
2024-12-13,33,0
2024-12-16,28,0
2024-12-17,33,0
2024-12-18,28,0
2024-12-19,33,0
2024-12-20,19,0
2024-12-23,14,0
2024-12-27,25,0
2024-12-30,33,0
2025-01-03,39,0
2025-01-06,45,1
2025-01-07,33,0
2025-01-08,26,0
2025-01-09,26,0
2025-01-10,33,0
2025-01-13,33,0
2025-01-14,33,0
2025-01-15,26,0
2025-01-16,21,0
2025-01-17,33,0
2025-01-20,14,0
2025-01-21,28,0
2025-01-22,26,0
2025-01-23,33,0
2025-01-24,26,0
2025-01-27,26,0
2025-01-28,33,0
2025-01-29,26,0
2025-01-30,24,0
2025-01-31,33,0
2025-02-03,25,0
2025-02-04,26,0
2025-02-05,14,0
2025-02-06,25,0
2025-02-07,33,0
2025-02-10,14,0
2025-02-11,33,0
2025-02-12,26,0
2025-02-13,39,0
2025-02-14,27,0
2025-02-17,27,0
2025-02-18,16,0
2025-02-19,26,0
2025-02-20,16,0
2025-02-21,14,0
2025-02-24,26,0
2025-02-25,26,0
2025-02-26,24,0
2025-02-27,26,0
2025-02-28,16,0
2025-03-03,23,0
2025-03-04,25,0
2025-03-05,2,0
2025-03-06,2,0
2025-03-07,1,0
2025-03-10,2,0
2025-03-11,23,0
2025-03-12,1,0
2025-03-13,1,0
2025-03-14,2,0
2025-03-17,1,0
2025-03-18,14,0
2025-03-19,29,0
2025-03-20,29,0
2025-03-21,33,0
2025-03-24,29,0
2025-03-25,29,0
2025-03-26,29,0
2025-03-27,29,0
2025-03-28,29,0
2025-03-31,29,0
2025-04-01,29,0
2025-04-02,29,0
2025-04-03,25,0
2025-04-04,10,0
2025-04-07,10,0
2025-04-08,10,0
2025-04-09,10,0
2025-04-10,32,0
2025-04-11,32,0
2025-04-14,32,0
2025-04-15,32,0
2025-04-16,32,0
2025-04-17,40,0
2025-04-22,32,0
2025-04-23,32,0
2025-04-24,40,0
2025-04-25,44,0
2025-04-28,44,0
2025-04-29,44,0
2025-04-30,44,0
2025-05-02,44,0
2025-05-05,44,0
2025-05-06,44,0
2025-05-07,44,0
2025-05-08,44,0
2025-05-09,44,0
2025-05-12,44,0
2025-05-13,44,0
2025-05-14,33,0
2025-05-15,18,0
2025-05-16,18,0
2025-05-19,18,0
2025-05-20,18,0
2025-05-21,18,0
2025-05-22,29,0
2025-05-23,19,0
2025-05-26,18,0
2025-05-27,18,0
2025-05-28,18,0
2025-05-30,18,0
2025-06-02,29,0
2025-06-03,29,0
2025-06-04,14,0
2025-06-05,18,0
2025-06-06,18,0
2025-06-10,18,0
2025-06-11,18,0
2025-06-12,18,0
2025-06-13,18,0
2025-06-16,41,0
2025-06-17,29,0
2025-06-18,29,0
2025-06-19,5,0
2025-06-20,29,0
2025-06-23,29,0
2025-06-24,29,0
2025-06-25,29,0
2025-06-26,29,0
2025-06-27,29,0
2025-06-30,29,0
2025-07-01,29,0
2025-07-02,29,0
2025-07-03,29,0
2025-07-04,16,0
2025-07-07,24,0
2025-07-08,16,0
2025-07-09,47,0
2025-07-10,16,0
2025-07-11,16,0
2025-07-14,16,0
2025-07-15,16,0
2025-07-16,13,0
2025-07-17,39,0
2025-07-18,16,0
2025-07-21,16,0
2025-07-22,16,0
2025-07-23,13,0
2025-07-24,13,0
2025-07-25,13,0
2025-07-28,4,0
2025-07-29,16,0
2025-07-30,16,0
2025-07-31,42,0
2025-08-04,5,0
2025-08-05,33,0
2025-08-06,28,0
2025-08-07,26,0
2025-08-08,33,0
2025-08-11,30,0
2025-08-12,33,0
2025-08-13,33,0
2025-08-14,24,0
2025-08-15,28,0
2025-08-18,33,0
2025-08-19,30,0
2025-08-20,28,0
2025-08-21,28,0
2025-08-22,30,0
2025-08-25,41,0
2025-08-26,30,0
2025-08-27,28,0
2025-08-28,30,0
2025-08-29,30,0
2025-09-01,28,0
2025-09-02,39,0
2025-09-03,16,0
2025-09-04,16,0
2025-09-05,16,0
2025-09-08,16,0
2025-09-09,16,0
2025-09-10,16,0
2025-09-11,16,0
2025-09-12,16,0
2025-09-15,14,0
2025-09-16,24,0
2025-09-17,16,0
2025-09-18,24,0
2025-09-19,16,0
2025-09-22,16,0
2025-09-23,16,0
2025-09-24,14,0
2025-09-25,16,0
2025-09-26,24,0
2025-09-29,16,0
2025-09-30,16,0
2025-10-01,4,0
2025-10-02,16,0
2025-10-03,14,0
2025-10-06,16,0
2025-10-07,14,0
2025-10-08,25,0
2025-10-09,14,0
2025-10-10,25,0
2025-10-13,29,0
2025-10-14,25,0
2025-10-15,29,0
2025-10-16,29,0
2025-10-17,29,0
2025-10-20,29,0
2025-10-21,14,0
2025-10-22,33,0
2025-10-23,14,0
2025-10-24,29,0
2025-10-27,14,0
2025-10-28,14,0
2025-10-29,33,0
2025-10-30,33,0
2025-10-31,14,0
2025-11-03,14,0
2025-11-04,26,0
2025-11-05,25,0
2025-11-06,33,0
2025-11-07,26,0
2025-11-10,26,0
2025-11-11,24,0
2025-11-12,16,0
2025-11-13,26,0
2025-11-14,26,0
2025-11-17,26,0
2025-11-18,26,0
2025-11-19,26,0
2025-11-20,29,0
2025-11-21,29,0
2025-11-24,29,0
2025-11-25,29,0
2025-11-26,24,0
2025-11-27,14,0
