ticker,model,family,horizon,hidden_dim_1,hidden_dim_2,dropout,weight_decay,lr,max_epochs,batch_size,rmse,mae,qlike,mase,hit_rate,mz_alpha,mz_beta,mz_r2,mz_alpha_p,mz_beta_p,mz_joint_p,dm_stat_naive,dm_p_naive,dm_stat_har,dm_p_har,jb_p,ljungbox_p,ljungbox_sq_p,bp_p,arch_p,tail_corr,tail_corr_p,tail_shape_y,tail_shape_yhat,tail_lambda_90,tail_lambda_95,ceq_gain_bps,enc_beta2,enc_beta2_p,pit_ks_stat,pit_ks_p,cc_p_95,n_params,param_sample_ratio,n_obs_total,n_train,n_test,n_features,n_nonstationary_feats
DJIA,MLP-HAR-X,MLP-HAR-X,1,32,0,0.0,0.0001,0.001,250,128,0.00037542917261107716,7.327606483054474e-05,0.47213320307372103,1.0268928063908591,0.8076009501187649,1.154733646223683e-05,1.0838439816283634,0.19196006128295795,0.25835996045677556,6.270262400900603e-80,,-1.6430593657494619,0.10055744557009616,0.4134493659734044,0.6793300866333292,0.0,1.0670421811003285e-78,9.17318368212146e-06,1.6961323501467915e-84,1.8017819882232276e-05,0.4154119636020089,1.9524559029559266e-08,0.8449378102638766,0.7041813759576707,0.04453681710213777,0.02315914489311164,,,,0.03512031027051282,0.03065126818443964,0.0,385,0.05718954248366013,8416,6732,1684,8,0
DJIA,MLP-HAR-X,MLP-HAR-X,5,16,0,0.1,0.0005,0.0005,250,128,0.0008819427793437886,0.00021238996180259937,0.8010397814107907,2.9755089488100275,0.7153891859774213,7.515417598840974e-05,0.1180718190466773,0.06158646879466401,2.6697695327305987e-13,4.873924673931081e-25,,2.629918672315491,0.008618418711307196,2.64737407293474,0.008187709964498024,0.0,1.267236296656306e-112,2.0737614530231553e-106,1.6882054039982533e-127,5.962702123087715e-60,0.34649196956889267,3.936012839385559e-06,0.8449378102638766,1.0312978029251099,0.035056446821152706,0.016042780748663103,,,,0.026336640115455223,0.19013072228032224,0.0,193,0.02868182493684054,8412,6729,1683,8,0
DJIA,MLP-HAR-X,MLP-HAR-X,10,16,0,0.0,0.0005,0.001,250,128,0.0003989212558879645,9.718256613343941e-05,0.7550927517341643,1.3623079591276528,0.7294887039239001,3.008291688167375e-05,0.7564167415779979,0.095337076725034,0.006874357457259447,1.7622936066024618e-38,,-0.7461420596448222,0.45568593282025915,-0.71709400979546,0.47341571619394296,0.0,3.084971211070786e-209,2.2426468436652196e-06,1.1677174306295567e-12,1.2196932201233308e-05,0.26048928447118497,0.0006251227878424155,0.8449378102638766,0.6525483699071974,0.03210463733650416,0.014863258026159334,,,,0.03676080431774886,0.02069014105814321,0.0,193,0.028698884758364313,8407,6725,1682,8,0
DJIA,MLP-HAR-X,MLP-HAR-X,21,32,0,0.0,1e-05,0.001,250,128,0.0004234684053931092,0.00010399792708356468,0.9542803494806598,1.457366112840741,0.7023809523809523,7.254957920716194e-05,0.3207656228554634,0.008398299151454292,2.4826177761613784e-08,0.00016900880486299632,,1.4859209946780672,0.1374877559074461,-0.30568330392035653,0.7598836808245806,0.0,0.0,8.429622832840058e-18,0.9605083317871905,1.0295668219394071e-14,0.031058761597683757,0.6894081294342573,0.8449378102638766,0.49934641520182343,0.022023809523809525,0.008333333333333333,,,,0.030322399954621493,0.08921303640133549,0.0,385,0.05732578916021441,8396,6716,1680,8,0
DJIA,MLP-HAR-X,MLP-HAR-X,63,16,0,0.1,0.0005,0.001,250,128,0.0004407883603685995,0.00011582253766736414,1.3328948890551842,1.6185289486647183,0.651705565529623,9.790395880396191e-05,0.054988221922761524,0.000372638147744242,3.5243380754565323e-15,0.43035595272942484,,3.4875176867245816,0.0005001578607441992,2.5005972407708215,0.01249358776394316,0.0,0.0,9.722478564170042e-18,0.43434379298925274,1.5363835219211664e-14,-0.08522885382419328,0.2734636652627677,0.8508772513624132,0.6030343124665409,0.017354877318970677,0.0047875523638539795,,,,0.03736187453844003,0.018357309103951197,0.0,193,0.0288792458476732,8354,6683,1671,8,0
DJIA,MLP-HAR-X,MLP-HAR-X,100,32,0,0.0,0.0005,0.001,250,128,0.00042486036203820063,0.00010665566529889013,1.2076914034649844,1.5004284355947048,0.5378605769230769,0.00013587218791354577,-0.3608673742325395,0.00194747032473086,6.07964733914857e-11,0.07190990883757568,,3.921075103110553,9.173613524238178e-05,0.6926086313813743,0.48865189408814547,0.0,0.0,1.4828883913672068e-17,0.8993514445280895,2.613469460556105e-14,-0.1503988580498212,0.05237567118059205,0.8508772513624132,0.2285120745739305,0.006009615384615385,0.0018028846153846155,,,,0.056862451438911304,4.0603629439616196e-05,0.0,385,0.05786863069292049,8317,6653,1664,8,0
RUSSELL2000,MLP-HAR-X,MLP-HAR-X,1,16,0,0.0,0.0001,0.0005,250,128,0.0015175879712051284,0.0009203497132159805,1.2059051505231388,11.234069981247371,0.5021030494216614,6.076393515659008e-05,0.09142568206287775,0.1501609973021597,6.612890733030523e-13,3.4895595532805464e-69,,9.883671725888675,0.0,9.942994330685575,0.0,0.0,8.95447838785592e-253,1.9530945401112537e-16,4.294748547406172e-140,1.0213798117253363e-10,0.3449555662717002,1.0242235050393738e-06,0.5637977092957946,0.4089807209215666,0.02786540483701367,0.013669821240799159,,,,0.03309149924413013,0.030348422095493488,5.686457319920013e-05,193,0.025381378221988427,9506,7604,1902,8,0
RUSSELL2000,MLP-HAR-X,MLP-HAR-X,5,32,0,0.0,1e-05,0.001,250,128,0.0002981451973161718,0.00012912030608702748,0.5127407824786524,1.575777461449048,0.6370331404523935,6.284903979497533e-05,0.5817478117480127,0.11787234324507889,2.7185437655727995e-12,1.0170025013327034e-53,,-0.6001322183554335,0.5484896897881351,-0.3309430449798644,0.7407239994175812,0.0,4.073942764357046e-269,6.031717091137056e-247,9.04658931132171e-24,5.759886893900768e-206,0.31155287870636456,1.2114326417549623e-05,0.5637977092957946,0.4584674684624923,0.029458179905312992,0.01262493424513414,,,,0.05730696167293253,7.218500980542442e-06,0.0,385,0.05065123010130246,9502,7601,1901,8,0
RUSSELL2000,MLP-HAR-X,MLP-HAR-X,10,32,0,0.0,0.0005,0.001,250,128,0.00031356451715085925,0.00013915245346777342,0.5800778831560084,1.6977857911892889,0.5810526315789474,8.615275037705862e-05,0.4223082034211018,0.047476705060773616,3.6114752137028856e-17,7.464029101814344e-22,,0.13730353678202084,0.8908054304074378,0.015424270887952658,0.9876953206130799,0.0,0.0,0.0,1.1148948646500995e-14,1.7022654828488375e-183,0.21687289777672805,0.0026513303717133575,0.5637977092957946,0.307593099694503,0.022631578947368423,0.007368421052631579,,,,0.06283907082435586,5.769689915498888e-07,0.0,385,0.05067789917072529,9497,7597,1900,8,0
RUSSELL2000,MLP-HAR-X,MLP-HAR-X,21,16,0,0.0,0.0001,0.001,250,128,0.00032898916433517916,0.00014503319242375684,0.7800596712327134,1.767982898463441,0.5626975763962065,0.0001250468199806832,0.20272648782109715,0.01014378199480026,2.1630085749482185e-32,1.1021126469725702e-05,,2.042803903707127,0.04120981393998102,0.9401341658084903,0.3472684386058984,0.0,0.0,0.0,0.7299332787178892,1.0838409096470151e-187,0.005725482991947583,0.937509724896644,0.5595594937418624,0.3715354990451894,0.01738672286617492,0.0036880927291886197,,,,0.06267619051322232,6.33613305008871e-07,0.0,193,0.025434897206114918,9486,7588,1898,8,0
RUSSELL2000,MLP-HAR-X,MLP-HAR-X,63,16,0,0.1,0.0005,0.001,250,128,0.02171966743453836,0.0044399048091376524,2.4321411251516576,54.165697897397784,0.42297511911064056,0.00015987946841875317,-0.00013326408135766197,8.479778149084183e-05,3.397820529939055e-96,0.6891769532077838,,1.3588707194598728,0.17434986868450597,1.358847379709934,0.17435726474579027,0.0,1.5685344401148523e-31,0.004356267142821135,2.623669278842692e-23,0.004042806394890841,-0.16737944151158035,0.021330308043361935,0.5595594937418624,0.6885780882328114,0.008999470619375331,0.0021175224986765486,,,,0.059325735150628195,3.2007347299212963e-06,,193,0.025545996029119788,9444,7555,1889,8,0
RUSSELL2000,MLP-HAR-X,MLP-HAR-X,100,32,0,0.0,1e-05,0.001,250,128,0.0003370139550443231,0.0001465526695617769,0.9825485632117273,1.7900673090848667,0.47449521785334753,0.00016955501664273163,-0.06880662606793284,0.0008017206950950984,3.797954204746224e-53,0.21953036808713194,,2.2912334152635347,0.022060015451508264,1.0606113683166147,0.28900271644037634,0.0,0.0,2.4129845206861422e-294,0.0035722816055293845,4.116718296156922e-156,-0.09181819797721254,0.2089080651637741,0.5595594937418624,0.3912453803610301,0.007970244420828906,0.0021253985122210413,,,,0.07173255284369146,7.247940596220838e-09,0.0,385,0.05116279069767442,9407,7525,1882,8,0
SENSEX,MLP-HAR-X,MLP-HAR-X,1,32,0,0.1,1e-05,0.001,250,128,0.00020054995292856687,6.752061580777587e-05,0.4869202704498411,0.3524276330376929,0.9135174418604651,2.7950355289613378e-05,0.808774988368198,0.0798289036687615,0.000672477221295793,1.137475793775462e-26,,-10.479947829995886,0.0,0.018352153971311874,0.9853605841572817,0.0,0.09339669652462229,0.9895610574837858,0.050411652899420366,0.966911385753972,0.08757525873937472,0.3070732229053488,0.594763562454207,0.3928888405070585,0.038517441860465115,0.01308139534883721,,,,0.08534891119162269,3.608492618924767e-09,2.7755575615628914e-15,385,0.06998727504090166,6877,5501,1376,8,0
SENSEX,MLP-HAR-X,MLP-HAR-X,5,16,0,0.1,1e-05,0.001,250,128,0.00020349557389686519,7.817011383369862e-05,0.5416475839477033,0.40799393494201064,0.8967272727272727,1.9864431399273575e-05,0.762568170573771,0.05043484437734558,0.056635353881880235,3.5209417299909594e-17,,-8.373405191575772,0.0,0.4121014700590696,0.6803293342548762,0.0,1.3184723226800028e-12,0.9986022042484106,0.031206716508485676,0.9939559825181097,0.11171741756071499,0.1920519496332003,0.594763562454207,0.3578125378664802,0.028363636363636365,0.010181818181818183,,,,0.10094751810575747,1.1898191556775623e-12,8.260059303211165e-14,193,0.035103674063295745,6873,5498,1375,8,0
SENSEX,MLP-HAR-X,MLP-HAR-X,10,16,0,0.0,1e-05,0.001,250,128,0.00021932243838666983,0.0001005201710532811,0.6090520269577785,0.5246990524652365,0.8558951965065502,5.1359871361267314e-05,0.3343083804459499,0.028779411904106378,6.762562910343018e-09,2.475301292328035e-10,,-2.8126348210404037,0.004983709080929044,1.4423153937042148,0.1494414862114648,0.0,9.753238871073725e-28,0.4236694465882845,0.0006895759877555632,0.3730932507609511,0.11473119187924809,0.1802595893637246,0.5821612755433329,0.45310860521653185,0.022561863173216887,0.008005822416302766,,,,0.09664400332982015,1.2726575055749643e-11,7.715884724923683e-06,193,0.03512923188933382,6868,5494,1374,8,0
SENSEX,MLP-HAR-X,MLP-HAR-X,21,32,0,0.1,0.0001,0.001,250,128,0.00023525072067620727,0.0001331380465649759,0.7397737151412147,0.6984555531690776,0.8199708454810496,3.8691185217405635e-05,0.3233829874445977,0.041570549817682045,2.316799592542484e-05,2.4310607778231163e-14,,-0.790156431774729,0.429573061487345,-0.2705161060860479,0.7868039447691069,0.0,2.0515070721930112e-21,0.9797237716976982,0.00024351422804756118,0.9841730219488897,-0.07247898919835885,0.3982210892793637,0.5762067118837934,0.4907606279148775,0.02040816326530612,0.01020408163265306,,,,0.1520505167817876,3.685129699566905e-28,0.0014470907047809956,385,0.07019143117593436,6857,5485,1372,8,0
SENSEX,MLP-HAR-X,MLP-HAR-X,63,32,0,0.1,0.0001,0.001,250,128,0.00027059009695581433,0.0001486563292307638,0.765862579410515,0.8140718528768777,0.7732942039618489,7.882359494420514e-05,0.06707019854803195,0.004184009328407012,3.8151137956135323e-26,0.016923523024042653,,2.0132808012154624,0.0442815147194473,0.5726352283318562,0.5669862149775393,0.0,5.582855566680266e-130,8.013710662808366e-07,4.995566051088191e-28,0.00011606075642762244,-0.020544365000840066,0.8116581300816958,0.5790860490217259,0.5238296424641329,0.016874541452677916,0.00586940572267058,,,,0.16947909024211305,1.0758226912099932e-34,0.014667804942653295,385,0.07061628760088041,6815,5452,1363,8,0
SENSEX,MLP-HAR-X,MLP-HAR-X,100,32,0,0.0,0.0001,0.001,250,128,0.0003832892290732857,0.0002067244675210222,0.9129115521465851,1.1286944412322044,0.5943952802359882,8.818789068579682e-05,0.010137366895819181,0.00024684864328938794,3.6629932104380264e-36,0.5632250453709249,,1.9758960876174247,0.048369140730152305,2.0604882397730195,0.03954242856609791,0.0,3.9680815986420027e-212,2.8719873662345467e-68,1.8862224577739416e-16,2.3132220825830525e-74,0.05733982157339822,0.5072888507487121,0.580932240654996,0.47087119230583535,0.01327433628318584,0.003687315634218289,,,,0.16193232204859692,1.5553611359694e-31,0.0012317181082589501,385,0.07100700848395426,6778,5422,1356,8,0
NASDAQ,MLP-HAR-X,MLP-HAR-X,1,64,0,0.1,0.0005,0.0005,250,128,0.00045224129857141074,0.0001467704004225155,0.5028182504714435,1.2140766529108307,0.7448905109489051,-1.833971762868168e-05,1.090815272577232,0.2097339684417544,0.1080261117832179,3.744743707349676e-142,,-2.183442521361541,0.02908783121651215,-2.1688311837135275,0.0301812872024394,0.0,7.795921209350537e-60,9.963907808492653e-18,5.614334458248184e-26,1.1068491734421108e-13,0.41514835529434074,7.691877764995982e-13,0.6772242454404039,0.380303800541119,0.03941605839416058,0.019343065693430656,,,,0.08998944876455958,9.304692698217991e-20,0.0,769,0.07017703960576747,13698,10958,2740,8,0
NASDAQ,MLP-HAR-X,MLP-HAR-X,5,16,0,0.1,0.0005,0.001,250,128,0.0013510841215227814,0.000882569700559342,1.4688811822833296,7.299898224334248,0.31252281854691494,6.755515605124505e-05,0.11387519801341797,0.05725812287837295,2.1294375874028382e-07,5.732148955007868e-37,,7.552426869976231,5.773159728050814e-14,7.7114382680454225,1.7319479184152442e-14,0.0,0.0,6.885154334308134e-190,1.4639351926637732e-120,2.2566802941698032e-69,0.12213217439494813,0.04338619768680759,0.6719799302330258,0.3308182919726652,0.029207740051113547,0.01022270901788974,,,,0.07996795280370478,1.1054892507889213e-15,1.9872929968300923e-08,193,0.017617526243724327,13694,10955,2739,8,0
NASDAQ,MLP-HAR-X,MLP-HAR-X,10,64,0,0.1,0.0005,0.0005,250,128,0.0005080482524088278,0.00018130973848729532,0.845232982000611,1.49916887570253,0.6435354273192111,8.181242843006873e-05,0.509101139861672,0.03456703507412273,5.2874481060458286e-09,1.0222430331423139e-22,,-0.3101334977108841,0.7564830515950205,-0.5721525574352249,0.567265614156085,0.0,1.854291167662589e-279,3.916156264332546e-34,0.23295313162736594,2.268157528342304e-24,0.0178166359188257,0.7690690422477329,0.6719799302330258,0.2958146088263568,0.02885317750182615,0.008400292184075968,,,,0.06456434963395948,2.2922992994829394e-10,0.0,769,0.07022189754360332,13689,10951,2738,8,0
NASDAQ,MLP-HAR-X,MLP-HAR-X,21,16,0,0.1,1e-05,0.001,250,128,0.0005488358219163706,0.00021017163382886913,0.9407762200209039,1.7373945981393881,0.5935672514619883,0.00014279040454581138,0.1800149136583801,0.008023104177894647,6.325519894334108e-28,2.698790146340344e-06,,2.7396028259154988,0.006191265243797872,1.9662627092397063,0.049369263331329405,0.0,0.0,3.6984988635281894e-48,0.2793703107151579,1.0749522345747098e-32,-0.055870844483983176,0.35688395143503393,0.6719799302330258,0.36530646506477804,0.021929824561403508,0.004751461988304093,,,,0.07461812202778925,1.0770671956483044e-13,0.0,193,0.01763845732041674,13678,10942,2736,8,0
NASDAQ,MLP-HAR-X,MLP-HAR-X,63,32,0,0.0,1e-05,0.0005,250,128,0.0005461941396662737,0.00023328651554342542,1.3178881422251099,1.9255286921870745,0.5043988269794721,0.0001695221964536045,0.056672419337785634,0.00050623126841709,3.223962413549085e-29,0.24008706000531982,,5.381494474703999,8.014728836158724e-08,0.9929545988160895,0.32082017638889404,0.0,0.0,6.455445209385227e-52,0.7788024290555161,2.2129348148204817e-34,-0.11550493302318118,0.05663954053227192,0.6719799302330258,0.26565269161673155,0.017595307917888565,0.004765395894428153,,,,0.04905194820557324,3.8279463899113616e-06,0.0,385,0.035295196186285294,13636,10908,2728,8,0
NASDAQ,MLP-HAR-X,MLP-HAR-X,100,32,0,0.0,1e-05,0.001,250,128,0.0005477884262142627,0.00023825028562407465,1.1918490570783513,1.9661025488302735,0.5,0.00017345636099291414,0.03876122151578515,0.00022877596938530864,7.008789751906216e-29,0.4303903635663012,,7.107746742167654,1.5007994846882866e-12,0.5871293363001532,0.5571655940854887,0.0,0.0,9.769255306055048e-49,0.986090153887318,8.97600604641791e-33,-0.08233707902689885,0.1757414210646622,0.6719799302330258,0.2121089170960819,0.014338235294117646,0.004779411764705883,,,,0.04486081522415015,3.401379153246227e-05,0.0,385,0.03538928210313448,13599,10879,2720,8,0
SP500,MLP-HAR-X,MLP-HAR-X,1,64,0,0.1,1e-05,0.0005,250,128,0.0002677662555968195,0.00017587780696112562,0.9196631875303304,1.1639776499035404,0.45045965270684374,-7.563387810153029e-05,0.7265128829854259,0.36602505446846156,6.859749991138477e-60,0.0,,-0.39389118720631927,0.693678537511301,1.6034257539981283,0.10890521866273706,0.0,3.47315611507351e-97,1.1235312490788692e-105,2.325901648622496e-176,1.0218861255488066e-60,0.4948354212050795,1.2553512769336095e-31,0.712966593412049,0.3588553764781014,0.051889683350357506,0.024719101123595506,,,,0.14114393790257412,1.5247905165040448e-85,0.0,769,0.03928078868059458,24472,19577,4895,8,0
SP500,MLP-HAR-X,MLP-HAR-X,5,32,0,0.0,0.0001,0.001,250,128,0.0002599313473156398,0.0001312562602828998,0.7645541291432456,0.8686042648609601,0.6996322026971802,-3.2268322350487655e-05,0.785748833058046,0.17463538977975346,4.295190842295768e-09,3.559778675977325e-206,,-1.4011845252981532,0.1612223208215391,1.7457918628928193,0.08090988756675888,0.0,0.0,2.6230085808693963e-235,1.8530372499563744e-78,5.580638871207905e-139,0.3434782641956112,5.155568180582242e-15,0.712966593412049,0.2562593475717013,0.042909685328974254,0.020024519820187985,,,,0.09436234959521336,2.2348298925066354e-38,0.0,385,0.019668948605292735,24468,19574,4894,8,0
SP500,MLP-HAR-X,MLP-HAR-X,10,32,0,0.1,0.0001,0.001,250,128,0.0004925701869830079,0.0003924945649956779,1.4776117714295678,2.597115846244282,0.19272430002043736,-4.255242455098635e-05,0.31111774814409193,0.1230925211787024,1.4835715124758062e-10,1.0114107435720716e-141,,11.675540901829944,0.0,13.57734820000342,0.0,0.0,0.0,3.364863529067861e-263,3.891132990525657e-174,7.623023327714388e-123,0.2674749216968409,1.7918179894156025e-09,0.712966593412049,0.2532236048432647,0.036991620682607806,0.01696300837931739,,,,0.12216532413996783,4.24325839535518e-64,0.0,385,0.019672968829841594,24463,19570,4893,8,0
SP500,MLP-HAR-X,MLP-HAR-X,21,16,0,0.0,0.0001,0.0005,250,128,0.00026378092808942354,9.879131718663619e-05,0.8266909772165965,0.6534636331002818,0.7932938049478634,2.3338296018746036e-06,0.9789289254584658,0.0719511463654211,0.7138686267989641,2.262382980392764e-81,,-3.123509621858671,0.001797528193542286,0.146107109067498,0.8838428568152126,0.0,0.0,0.0,2.9899255570605523e-23,1.1484128804730066e-209,0.13746087392012024,0.002315889373833622,0.712966593412049,0.28354914266555015,0.03066857493355142,0.01165405847474954,,,,0.1282686140501864,1.297212045313531e-70,0.0,193,0.00986657123868923,24452,19561,4891,8,0
SP500,MLP-HAR-X,MLP-HAR-X,63,16,0,0.1,1e-05,0.001,250,128,0.0002741384257622416,0.00010026505593057692,0.9933331356545501,0.6623428782113994,0.7789840229414174,5.4861421985489346e-05,0.5023763155909442,0.00831312372816484,6.309418915604459e-11,1.744760259104034e-10,,-1.5537542648166907,0.12030787652378194,-2.012560927834976,0.044215663255944726,0.0,0.0,0.0,0.5174821109756669,5.5840932876254665e-208,-0.04454328447661878,0.3256231536219448,0.712966593412049,0.1725524663925171,0.021507578861122492,0.0077836952068824255,,,,0.12013519049569849,7.428963908429087e-62,0.0,193,0.009883244571896764,24410,19528,4882,8,0
SP500,MLP-HAR-X,MLP-HAR-X,100,32,0,0.0,1e-05,0.0005,250,128,0.0002768812578627302,0.00010617640549018544,1.0230271191933082,0.7004396600989711,0.7483076923076923,7.440139198252438e-05,0.2763133873661085,0.003310580918292505,1.541683734528109e-20,5.8285273135896416e-05,,-0.3593605350538229,0.7193409614967488,-2.38145176243128,0.01728271711637608,0.0,0.0,0.0,0.8548181716619053,4.6265160154524886e-210,-0.02583875936782164,0.5690656376422909,0.7158683030741921,0.21519859337512315,0.01682051282051282,0.005743589743589744,,,,0.12123559812840762,6.708881768464668e-63,0.0,385,0.019745614934865114,24373,19498,4875,8,0
DAX_GERMANY,MLP-HAR-X,MLP-HAR-X,1,32,0,0.0,1e-05,0.0005,250,128,0.0005563803646789139,0.00012757996169097865,0.49169675386698014,0.8529573034512168,0.7925026399155227,-6.294686710620486e-05,1.387256082851572,0.22133445275445007,6.661113740769644e-05,6.428389518835237e-105,,-1.8549873909666792,0.06375340578008748,-1.465736744725805,0.1428860960413374,0.0,5.126554794954675e-44,2.3234592274595834e-06,3.7050490360721435e-24,3.7852667261218764e-06,0.4954926583474394,3.645437938000002e-13,0.7253753653431025,0.4664486722743256,0.04593453009503696,0.026399155227032733,,,,0.03737148495230723,0.009821071278220671,0.0,385,0.05083850521589859,9467,7573,1894,8,0
DAX_GERMANY,MLP-HAR-X,MLP-HAR-X,5,32,0,0.1,0.0001,0.001,250,128,0.0005981658376789649,0.00013987709434787622,0.629169650789788,0.9353954789324531,0.7617538298996303,-2.6010063825173767e-05,1.1519220873741116,0.08194481915811225,0.18337934952263596,4.9737016835247286e-37,,-1.6011213702499616,0.10951698127600706,-1.581454577845295,0.11394128004792536,0.0,2.655319111015047e-82,0.00024096174599923028,0.04187823326536877,0.00038004830063487633,0.3924129695967668,2.1486712731514263e-08,0.7253753653431025,0.38179441208535053,0.03909138932910724,0.01901743264659271,,,,0.03646487336715047,0.012698598711184093,0.0,385,0.05085865257595773,9463,7570,1893,8,0
DAX_GERMANY,MLP-HAR-X,MLP-HAR-X,10,16,0,0.1,0.0005,0.0005,250,128,0.000603571885819699,0.00014222610467597128,0.6770250883696789,0.9509607123942593,0.7721987315010571,1.1312340612617229e-05,0.9215552729149483,0.06476120190789636,0.5451335155564516,2.379671733825286e-29,,-1.2586233362650967,0.20832177698638965,-1.6023552938931391,0.10924407836100913,0.0,1.517881648715184e-98,0.00014555485387091004,0.8387942217745296,0.00023993633733803937,0.33709491879786735,1.9765326112756227e-06,0.7253753653431025,0.5052511996411263,0.03646934460887949,0.017970401691331923,,,,0.03861676164481248,0.0068966305814004624,0.0,193,0.025508855405762622,9458,7566,1892,8,0
DAX_GERMANY,MLP-HAR-X,MLP-HAR-X,21,32,0,0.1,0.0001,0.001,250,128,0.000625063536202665,0.00014558344872530652,0.9220988110999071,0.9729070899506431,0.7613756613756614,8.786427452878139e-05,0.47093020506696226,0.007906924427884765,8.968290643870379e-05,0.00010844738401698866,,0.13593258637870598,0.8918890581282384,-1.704028719590355,0.08854018253065621,0.0,3.8446644062503777e-190,2.710804959266066e-05,0.582670723482299,7.069483378659157e-05,0.054231322988321874,0.4585982140090662,0.7253753653431025,0.3697167913964454,0.027513227513227514,0.010052910052910053,,,,0.030710095338916298,0.05542991284637877,0.0,385,0.050946142649199416,9447,7557,1890,8,0
DAX_GERMANY,MLP-HAR-X,MLP-HAR-X,63,16,0,0.0,0.0001,0.0005,250,128,0.0011990352366135482,0.00031601322090724245,1.4885142460390528,2.104679488354506,0.5986177565124934,0.00015161144329521424,0.010022485564040055,0.00026765204960421674,3.3426781150587496e-23,0.47824978555520814,,2.15644735799275,0.031175208790455766,2.1348858129683785,0.03289930878996494,0.0,0.0,1.4936128968006725e-87,1.4364839943838344e-210,3.5356092031163818e-40,-0.16946146608224202,0.020078240974924194,0.7253753653431025,0.9539015698940196,0.019138755980861243,0.003189792663476874,,,,0.05090377458798511,0.00011241029062056158,0.0,193,0.025651249335459862,9405,7524,1881,8,0
DAX_GERMANY,MLP-HAR-X,MLP-HAR-X,100,32,0,0.0,1e-05,0.0005,250,128,0.0006528095973818908,0.00019344445260592805,1.233578062528182,1.2858871732052406,0.6040554962646745,0.00016594374470834473,-0.0594531098739029,0.00026117124168012484,7.774043493764902e-15,0.48444260180320853,,4.645150354488123,3.6348703777999702e-06,4.28022681683072,1.9613488942749058e-05,0.0,1.45135542458365e-261,2.1156532417545434e-05,0.8903839611856388,5.67250596539725e-05,-0.0902191953506096,0.21821602267001414,0.7313073573995622,0.40578992905155303,0.010672358591248666,0.0021344717182497333,,,,0.05028868345476811,0.0001472876702802818,0.0,385,0.05137443287963704,9368,7494,1874,8,0
HANG_SENG_CHINA_ENT,MLP-HAR-X,MLP-HAR-X,1,32,0,0.0,1e-05,0.0005,250,128,0.0004986289029203097,0.00019111855244225985,0.38704392380547026,0.5520315751552156,0.817546090273363,7.4813209466238375e-06,0.9889016959931398,0.1810656288449296,0.6927816903717674,3.3946288052351305e-70,,-3.154545273273879,0.001637912538778874,-1.558515566396991,0.1193123665735234,0.0,0.21028079285337178,0.842689352808995,3.8356823376696585e-06,0.867710682903428,0.24250219438693318,0.002140877881293255,0.549164723577544,0.34724764946179515,0.04322949777495232,0.017164653528289893,,,,0.02373889459336198,0.33280273043622033,0.0,385,0.06119853759338738,7864,6291,1573,8,0
HANG_SENG_CHINA_ENT,MLP-HAR-X,MLP-HAR-X,5,16,0,0.1,1e-05,0.001,250,128,0.0005417546657854083,0.00019859230334838302,0.48084423736392806,0.5733693610096599,0.8326972010178118,0.00011788212109427429,0.63750455070932,0.05434396242530126,2.5991830894915237e-08,7.624754343303529e-21,,-2.41012667615921,0.016061271091082796,-0.0854501494874995,0.9319144135917647,0.0,2.879609646035318e-35,0.5032244086235074,0.2504202063062635,0.6013708884002534,0.10763220705885217,0.17827444188769365,0.549164723577544,0.37713989844688994,0.03371501272264631,0.011450381679389313,,,,0.0262404580152672,0.22522797445546738,0.0,193,0.030693384223918575,7860,6288,1572,8,0
HANG_SENG_CHINA_ENT,MLP-HAR-X,MLP-HAR-X,10,32,0,0.1,0.0005,0.001,250,128,0.0005519856202620882,0.0002143620398867323,0.577725796507457,0.6185886583548407,0.7918523233609166,0.00014787740660130832,0.4939391337854718,0.021002381959461913,6.625756244585171e-09,7.926295274884855e-09,,-1.850792786980607,0.06438709241891649,0.6496776571265054,0.5159954975274341,0.0,7.148877344738989e-76,0.18323619349068104,0.3115109366262437,0.2461439094530622,0.10517306606962336,0.18988385317166448,0.549164723577544,0.2450547401721657,0.025461489497135583,0.008911521323997454,,,,0.03262253341820487,0.0690602973864104,0.0,385,0.0612667091024825,7855,6284,1571,8,0
HANG_SENG_CHINA_ENT,MLP-HAR-X,MLP-HAR-X,21,16,0,0.1,0.0001,0.0005,250,128,0.000718818753355917,0.00031080146936921676,0.8731758731264279,0.896311817049412,0.7233906947100064,0.0002653077881579138,0.019248302054600104,0.00026467744188529707,1.0344472909786873e-50,0.5196075986408085,,3.7882981289784814,0.00015741481218412012,4.094045990675794,4.4550432067413936e-05,0.0,1.232195085182192e-138,0.0448597026351412,0.0005688568897210679,0.0781623237992549,-0.0020032374301502736,0.9801347778083517,0.549164723577544,0.5142646997402878,0.012109623964308477,0.0025493945188017845,,,,0.054873025425385746,0.00015116618802441927,7.84603348957802e-09,193,0.030756972111553784,7844,6275,1569,8,0
HANG_SENG_CHINA_ENT,MLP-HAR-X,MLP-HAR-X,63,32,0,0.1,1e-05,0.001,250,128,0.0006174318633168953,0.00024500737358073156,0.893522995588711,0.7043123970386795,0.7700192184497118,0.00028333093180466797,-0.044754753650417894,0.0004467827306471328,7.214189264059187e-48,0.40397354593212687,,1.9978092752757344,0.045910706383716526,2.166003615210067,0.030461970127817706,0.0,1.0434280609633408e-141,0.13271415447702115,0.007662968743016455,0.18484464066888207,-0.16645540611022427,0.037818327048430585,0.549164723577544,0.39327801802219486,0.005765534913516977,0.0,,,,0.031565659546543945,0.08725134045353367,0.0,385,0.061688831917961866,7802,6241,1561,8,0
HANG_SENG_CHINA_ENT,MLP-HAR-X,MLP-HAR-X,100,16,0,0.1,0.0001,0.0005,250,128,7.471051762201305,0.9413254786449079,6.558599095117917,2696.150006763933,0.15582743077913716,0.00027349536412120477,-5.12563291037891e-07,4.705481302658132e-05,1.6061971192081587e-74,0.7870744955867373,,1.4691787983449531,0.14198696149842127,1.4691787985390432,0.1419869614457967,0.0,0.23720519419577699,0.9999999999951465,4.5134097265860475e-34,0.999999999995366,0.12950324793349244,0.10711892214846053,0.5437926321016667,0.8533783864665341,0.01159047005795235,0.0025756600128783,,,,0.07662588538312942,2.2354434361613822e-08,,193,0.031068898905344495,7765,6212,1553,8,0
