ticker,model,horizon,alpha,l1_ratio,rmse,mae,qlike,mase,hit_rate,mz_alpha,mz_beta,mz_r2,mz_alpha_p,mz_beta_p,dm_stat,dm_p,jb_p,ljungbox_p,bp_p,tail_corr,tail_corr_p,beta_stability,ceq_gain_bps,enc_beta2,enc_beta2_p,n_params,param_sample_ratio
HANG_SENG,ENet-HAR-X,1,0.3,0.1,0.0004227348591137425,0.0001537835913899643,0.4264914614873239,0.7152204186868144,0.6895097522403796,-4.431506559591916e-05,1.1658110904640233,0.10860777986326686,0.020374692843231644,2.713400237163176e-49,-2.410259815218573,0.016035825391111036,0.0,6.019811162632271e-09,,0.1610597173562178,0.026424325759193238,0.11616236076145625,,,,9,0.0011865524060646012
HANG_SENG,ENet-HAR-X,5,0.001,0.1,0.0002499560277883072,0.00010962030305937317,0.21926987386039487,0.509824737100117,0.7306273062730627,4.093552068468197e-05,0.8225473991941319,0.13937316922553067,0.00020316290174783632,8.446686544925954e-64,-2.1033651202711625,0.035565317338374314,0.0,0.0,,0.2654235938887358,0.00021468756108922445,0.19236129006272706,,,,9,0.0011865524060646012
HANG_SENG,ENet-HAR-X,10,0.001,0.5,0.00021007417433977036,0.0001020327708118492,0.19476003666277084,0.47453645997104005,0.7395888244596732,5.0092019217080625e-05,0.7611214044881859,0.1377916217455063,8.09046859554203e-07,4.837733745222229e-63,-1.9536252119555009,0.05089242820349038,0.0,0.0,,0.12990154268743415,0.0740458585027805,0.15048084026891914,,,,9,0.0011865524060646012
HANG_SENG,ENet-HAR-X,21,0.001,0.1,0.00017163039497608491,9.700924473162695e-05,0.17773928714165807,0.4511729242784072,0.702161307327359,6.898672906667245e-05,0.6497909849674101,0.11993305439728486,1.667609368727205e-13,1.4144239143145258e-54,-1.284507375853874,0.19912140248556143,0.0,0.0,,-0.21737852484614678,0.002589410003631249,0.14309089747823656,,,,9,0.0011865524060646012
HANG_SENG,ENet-HAR-X,63,0.001,0.1,0.00013099016623104663,9.528966255148168e-05,0.1523282765673394,0.4431754501933395,0.6004217185028993,0.00013785990113248997,0.3064591476313735,0.037598666439674466,5.700356892285997e-59,1.5842806135855515e-17,2.206072357002602,0.027498471562152238,3.2254389024073665e-158,0.0,,-0.14895965918286116,0.04024983458114054,0.1295031814673348,,,,9,0.0011865524060646012
HANG_SENG,ENet-HAR-X,100,0.0316,0.9,0.00010640184679619877,8.506324719451262e-05,0.11492813842851526,0.39561419214774285,0.5835529783869268,0.0001522742786039795,0.24334188714908908,0.021788946766190143,3.630506688359918e-68,1.0449234768835074e-10,2.892624783321648,0.0038639510978144553,3.143101218130875e-41,0.0,,0.037475013887248665,0.6077211634945432,0.09059168338342667,,,,9,0.0011865524060646012
AEX_NETHERLANDS,ENet-HAR-X,1,0.0316,0.1,0.0003316926882299515,9.493483202685373e-05,0.44641733314057536,0.6492900330155247,0.8602279544091181,4.5118888526635443e-05,0.6890374437691789,0.42498796036901687,2.0288431266710457e-08,2.5566929741920303e-202,-1.429274752448549,0.15311275481842124,0.0,9.270618367319338e-22,,0.4538968534531626,7.248675139897753e-10,0.1568691157274255,,,,9,0.0013501350135013501
AEX_NETHERLANDS,ENet-HAR-X,5,0.01,0.1,0.00024494787828241156,7.720336123761903e-05,0.27856760021853666,0.5280187671549664,0.8674265146970606,4.4155144932463044e-05,0.7054767743852768,0.45955895146941717,7.103276441986376e-13,9.390187363621732e-225,-1.5146070929757194,0.13006162300001,0.0,3.7849624919022996e-291,,0.3924294268605646,1.5614162352598356e-07,0.15511094745377446,,,,9,0.0013501350135013501
AEX_NETHERLANDS,ENet-HAR-X,10,0.01,0.1,0.00023901662677761577,7.848326186931639e-05,0.28865384256811427,0.536772421695339,0.8524295140971806,4.961468135191924e-05,0.6646106981580494,0.36370466827055903,1.2134756740197036e-15,1.1382489021978892e-165,-1.4218189962601244,0.15526597631942196,0.0,0.0,,0.32364960268791165,1.9859492117657715e-05,0.146619081721274,,,,9,0.0013501350135013501
AEX_NETHERLANDS,ENet-HAR-X,21,0.01,0.5,0.00022501624232081646,8.100269311370362e-05,0.3296964367353595,0.5540036271541089,0.8488302339532093,6.116092303857417e-05,0.5806053708037732,0.19485415483225754,3.4559999544385016e-21,1.9311276649483256e-80,-1.033170356674847,0.30167413445819835,0.0,0.0,,0.016845826419450257,0.8289282842609343,0.1387795040103315,,,,9,0.0013501350135013501
AEX_NETHERLANDS,ENet-HAR-X,63,0.0316,0.5,0.0001744386575869527,8.525604379255033e-05,0.4178119011961983,0.5830936686460854,0.7600479904019196,9.060822116497732e-05,0.3445770936354645,0.058806396221619095,9.113140551458779e-50,9.775104305250317e-24,0.9023797336251312,0.3669856257898314,0.0,0.0,,-0.3667458542467561,1.0894911308438353e-06,0.13419465810389986,,,,9,0.0013501350135013501
AEX_NETHERLANDS,ENet-HAR-X,100,0.0316,0.9,0.00015306012183614198,8.833180050935868e-05,0.3974759804056887,0.6041297640134771,0.7084583083383323,0.00011060298126473097,0.18867601042080082,0.017792802760676518,7.387466684734053e-76,4.5897119922098276e-08,1.6948683928559103,0.09028726729989378,0.0,0.0,,-0.43834963463778137,3.1272407833036227e-09,0.13394921480786998,,,,9,0.0013501350135013501
CAC40_FRANCE,ENet-HAR-X,1,0.0316,0.1,0.0005865899179577934,0.00011731055162837254,0.4485153985217164,0.7576799061094407,0.8588169642857143,9.045602429400945e-05,0.34673386899644626,0.3437294388984993,2.4770734172407036e-26,6.253156135183026e-166,0.9690104792807834,0.3326707975273442,0.0,1.4110715038564881e-71,,0.4538782061174727,1.5634678721667473e-10,0.13266257725607014,,,,9,0.001256106071179344
CAC40_FRANCE,ENet-HAR-X,5,0.01,0.1,0.00030123195826304823,8.710161114919232e-05,0.28369117372192015,0.5625678137339828,0.8811383928571429,6.637598225621004e-05,0.5448080905760299,0.4074799053703313,1.5598494739594992e-25,1.0947320960403147e-205,-1.8917822639837025,0.058681186265441276,0.0,6.97638833405987e-162,,0.4759899996913485,1.4463923215670766e-11,0.13320934195494397,,,,9,0.001256106071179344
CAC40_FRANCE,ENet-HAR-X,10,0.00316,0.1,0.0002605742833140812,8.526583987721559e-05,0.28439743767457404,0.5507110200723516,0.8861607142857143,5.919283334029608e-05,0.6049035952165983,0.3432668054028487,5.64102522912241e-21,1.1757125447055945e-165,-1.8311604863360458,0.06724263581320944,0.0,0.0,,0.3320925542969433,5.254118319167007e-06,0.12670498957831275,,,,9,0.001256106071179344
CAC40_FRANCE,ENet-HAR-X,21,0.00316,0.1,0.00023850024630463519,8.773465226469246e-05,0.3239849826190384,0.5666564700935148,0.8487723214285714,6.59079645610907e-05,0.5605844166638689,0.19509803038424556,8.138096361763382e-24,1.859124341093531e-86,-1.3238190915625696,0.1857320719573785,0.0,0.0,,0.06954947169151311,0.35354900779364506,0.12212720830210413,,,,9,0.001256106071179344
CAC40_FRANCE,ENet-HAR-X,63,0.0001,0.1,0.00018223418376845253,8.992811832191459e-05,0.3914405364829071,0.5808235261103953,0.8130580357142857,8.972696041429222e-05,0.3794654132906436,0.06832423673041299,7.642127235142821e-46,2.2228767648984632e-29,0.5236312490208401,0.6005998262355838,0.0,0.0,,-0.25703468214039527,0.0004955230700030484,0.11829949239071323,,,,9,0.001256106071179344
CAC40_FRANCE,ENet-HAR-X,100,0.0001,0.5,0.0001608171155981055,9.298485993802255e-05,0.3747810308061433,0.600566265945346,0.7243303571428571,0.00010949051446482004,0.23538426353952027,0.025847429704120573,2.1939551888679762e-68,7.615428122833485e-12,1.309611348414037,0.19049531329077007,0.0,0.0,,-0.309149459345453,2.414055747968897e-05,0.11448072368579824,,,,9,0.001256106071179344
STI_SINGAPORE,ENet-HAR-X,1,0.1,0.9,0.00016271502550983875,7.214306856676523e-05,0.5697232648907411,0.6557567405991956,0.8193479422768573,-4.245032118209306e-05,1.0402655233336962,0.1826975674209872,2.148568132055515e-11,5.700295394703797e-84,-2.1002932246117085,0.035836683555678484,0.0,7.227373841574745e-54,,0.35556358938409083,5.919745862218376e-07,0.14061124039760953,,,,9,0.001202726179339837
STI_SINGAPORE,ENet-HAR-X,5,0.00316,0.9,0.00010036938727467598,4.3868094238133363e-05,0.2706214876494592,0.39874653331767124,0.9214323890967397,-3.7035626408722826e-05,1.2800154520511848,0.3319971140460102,3.1777626010711107e-20,5.759727452510001e-166,-3.183763445718153,0.0014776531874347576,0.0,0.0,,0.44379337808624414,1.9959104065306208e-10,0.12898317401366288,,,,9,0.001202726179339837
STI_SINGAPORE,ENet-HAR-X,10,0.0316,0.5,9.503734321141033e-05,4.454897479293996e-05,0.2609635268029322,0.4049355133850236,0.9428113308391235,-3.62718088925792e-05,1.2203029368535894,0.2530651218424155,8.665463730174773e-16,1.4011951533106508e-120,-4.203973830513967,2.7464531201060183e-05,0.0,0.0,,0.4311033953732488,7.306268072175669e-10,0.11894269722903202,,,,9,0.001202726179339837
STI_SINGAPORE,ENet-HAR-X,21,0.0316,0.9,8.639002264714671e-05,4.745004206041149e-05,0.26777825247935866,0.43130525968733907,0.9374665954035275,-1.8957342201792735e-05,0.9496480123772415,0.1522764654396772,9.196701083906953e-05,4.237070435246145e-69,-6.126743454031204,1.0908651759677923e-09,0.0,0.0,,0.0895565938361368,0.22287938597287196,0.11193163102568193,,,,9,0.001202726179339837
STI_SINGAPORE,ENet-HAR-X,63,0.3,0.1,7.002022494534207e-05,5.50640663328237e-05,0.27574019070280115,0.500514233451734,0.8781400320684126,-3.46643058295927e-06,0.6920859711244656,0.07880771635314265,0.5203201211022732,3.1656880517133797e-35,-8.036379908885992,1.5543122344752192e-15,0.0,0.0,,-0.1681500702858045,0.0214253486722911,0.06874434458591215,,,,9,0.001202726179339837
STI_SINGAPORE,ENet-HAR-X,100,0.0316,0.9,6.661979687210473e-05,5.584992506999939e-05,0.26462870933843163,0.5076574306333843,0.8337787279529664,3.327591120488612e-05,0.29888683052336384,0.02368210775600421,1.49974099211857e-13,2.201893372379393e-11,-5.00816460107277,6.012171214209161e-07,0.0,0.0,,-0.004507100150848385,0.9511834324610084,0.10311737420030886,,,,9,0.001202726179339837
EUROSTOXX50,ENet-HAR-X,1,0.0001,0.1,0.0001263385764336527,6.10917739921849e-05,0.383479462141369,0.5570520989383059,0.8717105263157895,1.8716410649719665e-05,0.560594022790623,0.1402644401694083,0.0016308837094710846,9.593560579990144e-32,-3.9411874935235525,8.728415478076457e-05,0.0,6.518410825251288e-30,,0.09453940169227687,0.3700382342720374,0.20958822503283822,,,,9,0.0024677817384151355
EUROSTOXX50,ENet-HAR-X,5,0.0001,0.1,7.509209941397435e-05,3.992912134669696e-05,0.20453419994408922,0.3640850379919434,0.8925438596491229,7.476772009847508e-06,0.7771273620118847,0.24957158102613874,0.09456426438631567,9.727499514121761e-59,-12.049125286979002,0.0,0.0,2.6815802680694636e-171,,-0.09020852919871153,0.39245986076585193,0.21222692555736802,,,,9,0.0024677817384151355
EUROSTOXX50,ENet-HAR-X,10,0.00316,0.1,6.605820339309194e-05,3.866222158431035e-05,0.1846365393321709,0.3525330871209115,0.8859649122807017,1.2903004644271626e-05,0.6780165118516559,0.21176383584079284,0.003021062701430217,5.448305511161912e-49,-9.548649837284517,0.0,0.0,0.0,,-0.09557202965337608,0.36481002435334065,0.15159464746074064,,,,9,0.0024677817384151355
EUROSTOXX50,ENet-HAR-X,21,0.00316,0.1,5.534562383554212e-05,3.891957865065597e-05,0.1588666360729462,0.3548797417458496,0.8486842105263158,1.4080239004788136e-05,0.6167635530074488,0.2164733705297639,0.0004382722841577297,3.526568487375043e-50,-9.257801919955643,0.0,0.0,0.0,,-0.18275973675693172,0.08120785511978047,0.1401018012972408,,,,9,0.0024677817384151355
EUROSTOXX50,ENet-HAR-X,63,0.0316,0.1,5.166535543880622e-05,4.3686860226759916e-05,0.1562377416637724,0.3983491654449934,0.7894736842105263,2.237784220906738e-05,0.4519595870487528,0.17639409312056742,6.437846222756599e-10,2.8132820366524972e-40,-9.923182102459627,0.0,4.301441089773271e-117,0.0,,-0.7547431530601235,3.671782569979894e-18,0.09957533425988534,,,,9,0.0024677817384151355
EUROSTOXX50,ENet-HAR-X,100,0.1,0.1,5.485727431724144e-05,4.8521027149080244e-05,0.17624892911576143,0.4424284686755912,0.8497807017543859,1.0567219893896625e-05,0.5052205342672715,0.22243690687840223,0.004293474160747525,1.0758784950469722e-51,-10.971210460049361,0.0,8.249718895558864e-69,0.0,,0.5914183992725367,5.38494092263047e-10,0.0753388676982056,,,,9,0.0024677817384151355
NIFTY50,ENet-HAR-X,1,1.0,0.1,0.00016957024405148921,5.9932019491738466e-05,0.5148581422411841,0.3839141864681622,0.9321058688147296,-1.9569731631965595e-05,1.0965911055318407,0.025275732121322947,0.32016826740187904,2.4785948746545753e-06,-9.507824569187239,0.0,0.0,2.2296012572674057e-07,,0.0029343150834730625,0.9784807447174559,0.08051789113032755,,,,9,0.002591419522027066
NIFTY50,ENet-HAR-X,5,0.3,0.1,9.469684940189068e-05,4.361082139868219e-05,0.26196005513986065,0.27936340474546106,0.9551208285385501,1.739234932509688e-05,0.6577320453608232,0.044260555538868096,0.04862008425573867,3.7738245775270645e-10,-8.865559610044274,0.0,0.0,1.1559429083753173e-230,,0.048224830502296416,0.6573581549906703,0.11100358327765565,,,,9,0.002591419522027066
NIFTY50,ENet-HAR-X,10,0.3,0.1,7.256130174135803e-05,4.148985866744135e-05,0.21329407082187837,0.2657768830764246,0.9631760644418872,1.8345256242965467e-05,0.6033965255179092,0.06270625611763236,0.009902806851543874,6.840687154411778e-14,-10.334494207675533,0.0,0.0,0.0,,-0.16364729897207841,0.12988559509285277,0.1024452261929578,,,,9,0.002591419522027066
NIFTY50,ENet-HAR-X,21,0.3,0.1,5.626590615443335e-05,4.2605201367161514e-05,0.1820556089464162,0.27292157616081664,0.9413118527042578,1.336050514171203e-05,0.600387476465004,0.10918082066679324,0.01777473787088808,1.391616428605989e-23,-13.91459347624614,0.0,0.0,0.0,,-0.5422832980972515,5.79159979511307e-08,0.0923479896572901,,,,9,0.002591419522027066
NIFTY50,ENet-HAR-X,63,1.0,0.1,6.368253634414221e-05,5.781789962072202e-05,0.25733249603500624,0.3703714989822293,0.9907940161104718,-2.134336427105523e-05,0.7233464882756951,0.16178919169854977,0.002018692893344409,3.97571669415839e-35,-20.109171133652552,0.0,1.0624915151486802e-23,0.0,,0.23259459065393304,0.03016279787367997,0.045954807828628506,,,,9,0.002591419522027066
NIFTY50,ENet-HAR-X,100,1.0,0.1,6.78742728017752e-05,6.279160117345836e-05,0.2723647653650834,0.4022321738192824,0.9919447640966629,-3.021160977445033e-05,0.7453941501218222,0.20553408778679882,2.9663550539228615e-06,2.8647133440750184e-45,-22.42448975694452,0.0,0.0001549615036391183,0.0,,-0.1475359043522636,0.17266356848802988,0.04154652717196699,,,,9,0.002591419522027066
NIKKEI225,ENet-HAR-X,1,1.0,0.9,0.0015510883778236304,0.0015298508115210076,2.270972623117019,13.536472201012321,0.30663076405250755,-0.0002012810848554844,0.1917825873675656,0.07640961129611956,8.726290230558103e-23,2.9953773022031398e-53,56.712472900173786,0.0,0.0,0.0,,0.17551398256096246,0.00240060558801109,0.1461284664247168,,,,9,0.0007575757575757576
NIKKEI225,ENet-HAR-X,5,0.3,0.1,0.00021210845951853227,7.900761498428798e-05,0.2473865735422784,0.699077567465416,0.439919219118142,8.126326550549001e-05,0.19999872905179028,0.1092273692519714,5.9424961865907966e-167,1.1862038198363884e-76,1.1718840096827852,0.24133762453300678,0.0,1.7006838144031312e-09,,0.33533136553270787,3.0829892830705933e-09,0.10871982049998737,,,,9,0.0007575757575757576
NIKKEI225,ENet-HAR-X,10,0.1,0.5,0.00013120669730096364,6.839874176222231e-05,0.2017653499723377,0.6052078146940466,0.4523729384045776,6.516497658472852e-05,0.32563206247848164,0.10290047207689046,1.1564187755656169e-85,4.46721642826366e-72,0.8951495751443652,0.37077967480617735,0.0,0.0,,0.2825062707613043,7.449029136190672e-07,0.10058257894663372,,,,9,0.0007575757575757576
NIKKEI225,ENet-HAR-X,21,0.01,0.9,0.00017455263267375967,5.872565304073193e-05,0.15835600473730915,0.5196180986313426,0.572871087176035,0.00010003505019319707,0.0965913348565555,0.030035593982104092,0.0,1.824580343834391e-21,1.092774586987155,0.27458141105353917,0.0,4.205808590589144e-96,,0.17970655218977372,0.0018753257372497523,0.11481249252512138,,,,9,0.0007575757575757576
NIKKEI225,ENet-HAR-X,63,0.01,0.9,7.798237689662493e-05,5.1026445954310686e-05,0.124025441764394,0.4514937417265274,0.4607876135981151,8.415229710899481e-05,0.21997733388567914,0.03209267947149319,1.3634167681538775e-141,7.556690081254932e-23,1.4613886243820233,0.14401460817174105,0.0,0.0,,-0.3004706964438508,1.2998811288856355e-07,0.08755670564732132,,,,9,0.0007575757575757576
NIKKEI225,ENet-HAR-X,100,0.01,0.9,6.168093815512258e-05,4.645567345758242e-05,0.10430593102905848,0.4110504943371958,0.41534836755301247,7.55997830429209e-05,0.2845280140494124,0.03072186254354725,1.5311495336036666e-75,6.310362336245922e-22,2.0172373414931717,0.04376055044291882,0.0,0.0,,-0.464684483140859,2.5795710707821847e-17,0.08848443962298924,,,,9,0.0007575757575757576
DJIA,ENet-HAR-X,1,0.00316,0.1,0.0010788103069477785,0.00010850165843562473,0.4217630045903113,1.520545252896502,0.8099762470308789,9.100056373091044e-05,0.0920173112277978,0.059090533895371666,1.3581142808761134e-19,4.4969841998152404e-24,1.0260636678557418,0.30500902237241045,0.0,3.8639991989258515e-117,,0.4169335189697181,1.712151126387281e-08,0.1659335345236123,,,,9,0.001336898395721925
DJIA,ENet-HAR-X,5,0.000316,0.9,0.0007544983456830821,8.266108776870162e-05,0.2646571249877047,1.158414778337546,0.8432304038004751,8.701212639308727e-05,0.13734621677433378,0.12217698410036526,1.4800068912989023e-31,1.4089337211220475e-49,0.9953574244276009,0.31970554115454086,0.0,4.722255351893858e-64,,0.32170205360250614,1.998816440587163e-05,0.16870120156132445,,,,9,0.001336898395721925
DJIA,ENet-HAR-X,10,0.000316,0.1,0.000356843008461486,6.94141622159723e-05,0.2734640980130991,0.9727719959590007,0.8402612826603325,7.296989632560492e-05,0.30654184479281343,0.15557821965911234,1.659081232139839e-28,8.473781060796971e-64,0.8555981303549642,0.3923418929398972,0.0,1.2251634152378342e-218,,0.22550096961861668,0.0032002257867306374,0.15085905586382856,,,,9,0.001336898395721925
DJIA,ENet-HAR-X,21,0.000316,0.9,0.00023472766153108193,6.573069113631597e-05,0.36273527212618495,0.9211517300100147,0.8390736342042755,5.787282892612818e-05,0.508875310045537,0.13534152583810455,2.4112565796004307e-21,4.0543862114935445e-55,-0.07838307947250552,0.9375326505081902,0.0,0.0,,0.0724006762468301,0.34955555029354635,0.13053294809769173,,,,9,0.001336898395721925
DJIA,ENet-HAR-X,63,0.000316,0.5,0.00016458284660550305,6.371678562232484e-05,0.6105232064163314,0.8929288022388401,0.7957244655581948,6.927019392350111e-05,0.4003131196743732,0.045707218198624666,1.799714155409218e-36,7.34516037417608e-19,0.9424607305044096,0.34609206908495294,0.0,0.0,,-0.4125478593804386,2.4956464078425316e-08,0.11655379339764772,,,,9,0.001336898395721925
DJIA,ENet-HAR-X,100,0.001,0.1,0.00014090186611653114,6.302106673541837e-05,0.6019779138244645,0.8831789784473105,0.7309976247030879,8.275089358341171e-05,0.24405369736507043,0.015109143537372582,1.089809561790733e-53,4.2005621526870415e-07,2.054353208890218,0.040095648863983424,0.0,0.0,,-0.2804509969668341,0.00022144851443719023,0.1103409633586461,,,,9,0.001336898395721925
RUSSELL2000,ENet-HAR-X,1,0.01,0.5,0.0014367260669892713,0.00015811381063747352,0.38551106411276087,1.9299855133287072,0.6729758149316509,0.00014118835968733186,0.079777457186476,0.15814751682872685,4.878069026871337e-93,4.324791919902759e-73,1.0311295559281233,0.30261123593946704,0.0,1.4501709731050595e-93,,0.37878547809313856,6.544153672782814e-08,0.20653702008988947,,,,9,0.0011835875854813256
RUSSELL2000,ENet-HAR-X,5,0.00316,0.1,0.0006695406709022987,0.00010522032401167314,0.2206893980500498,1.2843514442637354,0.7039957939011566,0.00013249952144321674,0.1457436926864723,0.17951150634695978,2.9679264180161223e-115,1.007610644437711e-83,1.0240545125171618,0.30593982019866206,0.0,9.869404265738446e-112,,0.33396424634885646,2.341723685644823e-06,0.1984837459598791,,,,9,0.0011835875854813256
RUSSELL2000,ENet-HAR-X,10,0.000316,0.5,0.0004047374934725815,9.246340741389811e-05,0.2177050555291701,1.128636620054615,0.7082018927444795,0.00012693813271990977,0.19371556953523517,0.14136394743414038,3.199719883424462e-120,6.377119421301837e-65,1.0156336326269726,0.30993312572379406,0.0,4.57477329822433e-224,,0.10731778726922016,0.13948906933320235,0.19338879289894628,,,,9,0.0011835875854813256
RUSSELL2000,ENet-HAR-X,21,0.000316,0.1,0.0002495581527630394,8.490264489409026e-05,0.26676667890584715,1.0363476411595012,0.7082018927444795,0.00011967715568156043,0.25814517751027904,0.11277187781737485,1.5001548002440813e-121,2.3343263589340268e-51,1.0098245214235264,0.3127078829717296,0.0,0.0,,0.018030104712041885,0.8044706582376293,0.19588876474800837,,,,9,0.0011835875854813256
RUSSELL2000,ENet-HAR-X,63,0.0001,0.1,0.00015303222676236027,7.86657096330143e-05,0.36779600733347667,0.9602177025228016,0.6982124079915878,0.00012340259820989768,0.25835437925484905,0.05874904997398467,1.555977038992784e-142,7.844721061605113e-27,1.4036681072638584,0.16058103292120585,0.0,0.0,,-0.4717139707908515,5.653099366592983e-12,0.20322054648600119,,,,9,0.0011835875854813256
RUSSELL2000,ENet-HAR-X,100,0.0001,0.1,0.0001341921630437144,7.603729780804062e-05,0.3654428900003612,0.9281345041936431,0.6903259726603576,0.00014329185262953076,0.12881185644909582,0.013467393200902955,7.712970118427813e-191,3.8759316939548434e-07,2.052003580978256,0.04030601359838437,0.0,0.0,,-0.49461284100303105,3.5282507459674456e-13,0.20418166385100608,,,,9,0.0011835875854813256
SENSEX,ENet-HAR-X,1,0.0001,0.1,0.00019791370167617832,6.97457317968109e-05,0.48035630665088364,0.36404175047232135,0.9120639534883721,6.47737308383075e-06,0.9573162015445452,0.09662203002619663,0.47551603890848104,3.3095621141218366e-32,-12.109049324544792,0.0,0.0,0.04554415316109388,,0.11066259654922839,0.19630899115679246,0.19469343929553354,,,,9,0.0016360661697873114
SENSEX,ENet-HAR-X,5,0.0001,0.9,0.00010598194791989227,5.519130321599832e-05,0.2536667316915398,0.28807409594803884,0.9280523255813954,1.1030378052418873e-05,0.8352924914016009,0.22558149401451832,0.029689875091370756,2.406913626015656e-78,-10.740259655259255,0.0,0.0,0.0,,0.022089595857430207,0.7970513754551111,0.15620961940169684,,,,9,0.0016360661697873114
SENSEX,ENet-HAR-X,10,0.0001,0.1,8.176341341436686e-05,4.975676794529223e-05,0.1969627550736468,0.2597082349557842,0.938953488372093,1.8832564814710056e-05,0.703495304491233,0.26720648899683896,1.97629801015797e-06,7.260262635449836e-95,-12.124186177799672,0.0,0.0,0.0,,0.1335535823959049,0.11837445382786675,0.15027308302538217,,,,9,0.0016360661697873114
SENSEX,ENet-HAR-X,21,0.0001,0.1,6.534739934247914e-05,4.7347480668770675e-05,0.15545058890217398,0.24713282517887075,0.9244186046511628,2.0379316984398124e-05,0.6290063566130696,0.358008715655201,1.5285898749357777e-11,2.127504580184825e-134,-14.789755870808538,0.0,7.2479812310661034e-273,0.0,,0.3401569445808,4.465014707689016e-05,0.1478086626448511,,,,9,0.0016360661697873114
SENSEX,ENet-HAR-X,63,0.0316,0.1,6.736877496200337e-05,5.3294096838825e-05,0.15346981217872585,0.2781715210841673,0.9425872093023255,3.0756847455319164e-05,0.4394170037913093,0.3526240415591969,1.0812697587620656e-37,6.655730350456722e-132,-13.757389954053615,0.0,1.2466156497316106e-93,0.0,,0.4315701992515793,1.2583220193157832e-07,0.13366810435946166,,,,9,0.0016360661697873114
SENSEX,ENet-HAR-X,100,0.01,0.1,7.33885618372085e-05,5.558937587423323e-05,0.1682249068755111,0.2901518584660548,0.9244186046511628,3.405975197537351e-05,0.37808164315850756,0.33149735926783885,2.8609542805186795e-50,2.6172295951420486e-122,-12.604279375098757,0.0,1.1664877613700377e-200,0.0,,0.11345262095623405,0.18519573678795528,0.14009494853913093,,,,9,0.0016360661697873114
NASDAQ,ENet-HAR-X,1,0.3,0.1,0.0005478916629407197,0.00018616667568726588,0.5889769144666234,1.539960467855063,0.6094890510948905,6.851961948872162e-05,0.4361748594916272,0.2055371546627689,1.6711703456304009e-12,5.331808856639988e-139,0.6245097299206619,0.5323448973311473,0.0,1.5313579690741178e-89,,0.3342301494126312,1.418631332689527e-08,0.19025303100016014,,,,9,0.000821317758715094
NASDAQ,ENet-HAR-X,5,0.0316,0.1,0.0003374583845335503,0.00010975872218319466,0.3347423313049886,0.9079180929692449,0.7824817518248175,7.615278794073295e-05,0.6287540856796671,0.20496254652539414,1.220565001286491e-24,1.4366210288934957e-138,-1.535245532373069,0.12483902583476314,0.0,0.0,,0.16647440151089787,0.005738771318274289,0.19999060763720192,,,,9,0.000821317758715094
NASDAQ,ENet-HAR-X,10,0.01,0.1,0.00030995786972337223,0.00010891421369583647,0.3183681584018662,0.9009323653652114,0.7795620437956204,9.385692862292293e-05,0.5273153385985809,0.15811305627432182,2.5269747465531147e-42,1.8000188365696977e-104,-0.4687081463908808,0.6393155633748491,0.0,0.0,,0.021042607028008493,0.7287692695896104,0.20682065554201934,,,,9,0.000821317758715094
NASDAQ,ENet-HAR-X,21,0.00316,0.5,0.0002633059808450845,0.00010748948236511615,0.3254826913284694,0.8891470664199291,0.7503649635036497,9.942141881152364e-05,0.5033986249753254,0.12390106964359493,4.421732283181422e-53,9.790277836310424e-81,-0.3459946955533658,0.7293732745595118,0.0,0.0,,-0.016043226846146556,0.7914982050574584,0.20546681649503323,,,,9,0.000821317758715094
NASDAQ,ENet-HAR-X,63,0.00316,0.5,0.00019966228749551437,0.00010912182080898935,0.39659124178398025,0.902649679948612,0.6474452554744525,0.00012886932357493165,0.3381092365920562,0.05871958137233779,9.491326961966585e-113,6.571002543167126e-38,0.9130788073258281,0.3612814576759482,0.0,0.0,,-0.2679367347980487,6.880037970325528e-06,0.19837789008103165,,,,9,0.000821317758715094
NASDAQ,ENet-HAR-X,100,0.00316,0.9,0.00017049870426526955,0.00010393380284406062,0.37107515508380934,0.8597346816385325,0.5875912408759124,0.0001406538748877096,0.27383444748083097,0.03865815926157734,3.6282966568325836e-147,2.78917926787964e-25,1.3614299542464723,0.17348983509747495,0.0,0.0,,-0.6376126063717306,1.1420213888617742e-32,0.19137227129777962,,,,9,0.000821317758715094
SP500,ENet-HAR-X,1,0.1,0.9,0.023226057137383647,0.0014455300335230229,1.9473075194438483,9.566668361159476,0.15464759959141983,9.821921828141028e-05,0.0025221525022825902,0.04585479536954551,3.66081499914695e-136,7.10258746518146e-52,1.0593367349554939,0.28949873015285554,0.0,6.675332450354952e-38,,0.4291659792376462,2.2367401626724626e-23,0.26301284597549307,,,,9,0.00045972314450630844
SP500,ENet-HAR-X,5,0.3,0.1,0.00018466942411352494,8.225927987606668e-05,0.4490961566789615,0.5444004842183694,0.854341164453524,-0.00018742741727220729,2.3798342636806398,0.481254323201906,2.615330539249857e-283,0.0,-3.9173977798316333,9.072993340208946e-05,0.0,0.0,,0.39685746976311054,6.220624603824957e-20,0.12375940324041737,,,,9,0.00045972314450630844
SP500,ENet-HAR-X,10,0.3,0.1,0.0001800046962318608,8.347700740289674e-05,0.43358544563490964,0.5524595318571416,0.8463738508682329,-0.00020857804217520984,2.5711719666414132,0.3900744624430029,5.177668529016792e-236,0.0,-5.0294995813608,5.093359727315061e-07,0.0,0.0,,0.30639682559515635,4.135064792383266e-12,0.1141308528235195,,,,9,0.00045972314450630844
SP500,ENet-HAR-X,21,0.3,0.1,0.00016597711817088176,8.386349250089391e-05,0.42143986137903006,0.55501733050077,0.8247191011235955,-0.00019270031714116017,2.391400187567629,0.33377165731231295,7.062581639165446e-186,0.0,-5.470784824607748,4.703511335968358e-08,0.0,0.0,,0.3663754517588026,5.1777366234993795e-17,0.10539648648851778,,,,9,0.00045972314450630844
SP500,ENet-HAR-X,63,0.3,0.1,0.00014006688191997493,8.410225692964235e-05,0.4048228263167998,0.5565974983653635,0.767926455566905,-0.00012442412617378834,1.7678303291002848,0.20717853410822207,7.073000286661096e-76,5.385621837292212e-249,-6.228383404784003,5.107150258254478e-10,0.0,0.0,,0.16161093752908562,0.00032826002071697336,0.09033313417140101,,,,9,0.00045972314450630844
SP500,ENet-HAR-X,100,0.3,0.1,0.00012675145247424376,8.344372292673427e-05,0.38184336415911346,0.5522392517262299,0.7372829417773238,-8.35588565844063e-05,1.4283715361843856,0.15358494767789777,2.8631772213033288e-37,1.9778932244387836e-179,-5.96810035141178,2.5694173455548253e-09,0.0,0.0,,0.18463429753593993,3.922097675735765e-05,0.0862448846080421,,,,9,0.00045972314450630844
DAX_GERMANY,ENet-HAR-X,1,1.0,0.1,0.0005980098660586835,0.00013476701428342318,0.5526214262146162,0.9010075530183245,0.7972544878563886,3.95163003459592e-05,0.670390676188233,0.10716406656498201,0.011123627540238223,1.5014079268204568e-48,-0.5853626442924659,0.5583736718029431,0.0,1.9125005001080217e-36,,0.4840381932142749,1.493189405313721e-12,0.08794637000746959,,,,9,0.0011884325894625644
DAX_GERMANY,ENet-HAR-X,5,0.0001,0.1,0.00033935598590387065,9.05085662431594e-05,0.29078792062953024,0.6051102506911944,0.8558606124604012,7.579240296352477e-06,1.0261102885501798,0.30117912058006346,0.41717236421168546,1.9660498849955883e-149,-1.5800056050503035,0.11427264851463148,0.0,0.0,,0.48356230891364543,1.5814909139685708e-12,0.13952055091105772,,,,9,0.0011884325894625644
DAX_GERMANY,ENet-HAR-X,10,0.0001,0.1,0.00030987973192453394,9.0403052666903e-05,0.2916516033583837,0.6044048219209683,0.8674762407602957,2.0161176028007694e-05,0.9316037977145786,0.24633905156493474,0.024080004539721735,2.3739119353160424e-118,-1.4043802068295153,0.16036971065710182,0.0,0.0,,0.31743494862811483,8.095967109096827e-06,0.1285157131010425,,,,9,0.0011884325894625644
DAX_GERMANY,ENet-HAR-X,21,0.000316,0.5,0.0002772322801317521,9.557065944954518e-05,0.33023831323937136,0.6389537266878081,0.853220696937698,4.1937080155502565e-05,0.7705781688280269,0.14444659556959638,2.7784208096795702e-06,3.872575206092086e-66,-1.342632280083942,0.17955204649751333,0.0,0.0,,0.08146806807594906,0.2638199385492066,0.1255823986702114,,,,9,0.0011884325894625644
DAX_GERMANY,ENet-HAR-X,63,0.00316,0.5,0.0002036088914974262,0.00010235460402623408,0.38651905662856645,0.6843089297792685,0.7861668426610349,8.000073470992095e-05,0.49481253263906677,0.05621739976685203,4.349719646301249e-21,1.298969863874606e-25,-0.11677666678542038,0.9070494217621068,0.0,0.0,,-0.27386704107563853,0.00013159979315372077,0.11628024936839662,,,,9,0.0011884325894625644
DAX_GERMANY,ENet-HAR-X,100,0.001,0.9,0.0001747647265255767,0.00010617090472845015,0.37216962453909846,0.7098234503432873,0.7323125659978881,0.00010540599085814289,0.32050211275182344,0.02409447961324951,2.6222002345643742e-36,1.1050480440719228e-11,1.398383661340762,0.16216168225023608,0.0,0.0,,-0.04919366479024788,0.5002976765699472,0.1075798088336706,,,,9,0.0011884325894625644
HANG_SENG_CHINA_ENT,ENet-HAR-X,1,0.0001,0.1,0.0005101642699324905,0.00020021971867258757,0.4029634340677826,0.5783196098105385,0.8232676414494596,-5.830705176227147e-05,1.151542062992963,0.1459049676170936,0.014668977681485975,8.28444212317233e-56,-3.1935276856755914,0.0014333019860435225,0.0,9.33974929279107e-13,,0.1893683664481661,0.01717096953041466,0.21482944237589163,,,,9,0.001430615164520744
HANG_SENG_CHINA_ENT,ENet-HAR-X,5,0.0001,0.1,0.0003161084508993137,0.0001513547316402958,0.21998751140219738,0.43717676723106247,0.8467895740623014,1.700748796299763e-05,0.9113716076663518,0.18233511249042123,0.2801649215973476,1.0001255691923656e-70,-5.293315410445095,1.370817630519383e-07,0.0,0.0,,0.1872812268486474,0.018458799016929966,0.18811314061574416,,,,9,0.001430615164520744
HANG_SENG_CHINA_ENT,ENet-HAR-X,10,0.0001,0.1,0.0002754768188884446,0.0001453102970908247,0.20670703973184848,0.41971787230627383,0.8321678321678322,6.282030257180696e-05,0.7298409352454599,0.15140965403021345,1.0538435079930318e-05,5.064298570749532e-58,-4.5630437458607025,5.433355869000067e-06,0.0,0.0,,0.03115649135403942,0.6975604404824077,0.176703124258703,,,,9,0.001430615164520744
HANG_SENG_CHINA_ENT,ENet-HAR-X,21,0.000316,0.1,0.00023271798765645775,0.00014450324774540496,0.19704861871173318,0.4173867709260734,0.8130959949141767,0.00010838474393736311,0.5553012990978691,0.1249615472931721,2.0899141222101555e-18,1.6436120775370918e-47,-3.222107082704135,0.0012985735131665344,0.0,0.0,,-0.40480924426378895,1.3234719367458845e-07,0.18319597093299106,,,,9,0.001430615164520744
HANG_SENG_CHINA_ENT,ENet-HAR-X,63,0.0001,0.1,0.00019625889946419796,0.000151383091237546,0.19201800566185317,0.43725868179634536,0.6846789574062301,0.00020936802345262323,0.2008787447761572,0.029572884008021716,2.6931516690850383e-89,6.5929794204661925e-12,-0.48185981737448325,0.6299726083112924,2.397249735804697e-22,0.0,,0.48771979998752585,8.060210176763809e-11,0.16157822703812613,,,,9,0.001430615164520744
HANG_SENG_CHINA_ENT,ENet-HAR-X,100,0.001,0.9,0.00017178116624100864,0.00013986159243131749,0.1478973338068316,0.4039796983963806,0.663064208518754,0.00022972485655865658,0.13271943822881266,0.01689855783346239,3.926470359115631e-127,2.2964310555516786e-07,-0.32187512510160604,0.7475900934901716,0.6034877635999452,0.0,,-0.41409488574736175,6.353811176132101e-08,0.12681440342705544,,,,9,0.001430615164520744
