ticker,model,family,horizon,n_trees,max_depth,learning_rate,subsample,colsample_bytree,min_child_weight,reg_lambda,reg_alpha,rmse,mae,qlike,mase,hit_rate,mz_alpha,mz_beta,mz_r2,mz_alpha_p,mz_beta_p,dm_stat,dm_p,jb_p,ljungbox_p,bp_p,tail_corr,tail_corr_p,tail_shape_y,tail_shape_yhat,tail_lambda_90,tail_lambda_95,ceq_gain_bps,enc_beta2,enc_beta2_p,n_params,param_sample_ratio,n_obs_total,n_train,n_test,n_features
HANG_SENG,XGB-QLIKE-HAR-X,XGB-QLIKE-HAR-X,1,300,2,0.05,0.8,0.8,10.0,10.0,1.0,0.00041577313359588856,0.0001426883242958866,0.40896562765678,0.663618284123932,0.7343173431734318,2.3498955714805636e-05,0.9355437680456222,0.1364757527664191,0.09821771750156683,2.0617563399191695e-62,-1.9070607984133536,0.05666370769216145,0.0,0.017897415138517496,,0.21130225213994847,0.0034280283219047135,0.5571000196577593,0.3969823230406729,0.4021164021164021,0.32978723404255317,,,,2100,0.27686222808174027,9482,7585,1897,8
HANG_SENG,XGB-QLIKE-HAR-X,XGB-QLIKE-HAR-X,5,300,2,0.05,0.8,0.8,10.0,10.0,1.0,0.0002380931691044268,0.00010557215315628873,0.20393935681621242,0.49099750434776773,0.7538218239325251,4.729908368514225e-05,0.7845405887638782,0.23045502724480615,3.791631356478774e-08,6.134003570171229e-110,-2.2192056298825706,0.026590703588132536,0.0,0.0,,0.3460894819946901,1.0030781528458498e-06,0.5922979246482553,0.3852511341123809,0.455026455026455,0.4148936170212766,,,,2100,0.27686222808174027,9482,7585,1897,8
HANG_SENG,XGB-QLIKE-HAR-X,XGB-QLIKE-HAR-X,10,300,2,0.05,0.8,0.8,10.0,10.0,1.0,0.00021158193104147817,0.00010092641581780268,0.1940331366330098,0.46939099760469655,0.7559304164470216,7.891592781581372e-05,0.6253556837133806,0.1743437458272029,3.985449447394486e-23,6.435917259618883e-81,-1.3263176054204437,0.18489425735019305,0.0,0.0,,0.22315212114054772,0.0019697128036368764,0.6427325355605273,0.30644151586401797,0.3968253968253968,0.3829787234042553,,,,2100,0.27686222808174027,9482,7585,1897,8
HANG_SENG,XGB-QLIKE-HAR-X,XGB-QLIKE-HAR-X,21,200,2,0.05,0.8,0.8,5.0,5.0,0.0,0.00018180881207974754,0.00010555917824382348,0.18082379457790598,0.49093716031338835,0.7090142329994729,9.702893608858586e-05,0.4842505770451324,0.1306891280274779,3.1671160995823337e-37,1.1799578663853677e-59,0.24534961314804685,0.8062122925572832,0.0,0.0,,-0.1273307098428358,0.08000041312046006,0.27392191556131235,0.22737922438629352,0.35978835978835977,0.1702127659574468,,,,1400,0.1845748187211602,9482,7585,1897,8
HANG_SENG,XGB-QLIKE-HAR-X,XGB-QLIKE-HAR-X,63,200,2,0.05,0.8,0.8,5.0,5.0,0.0,0.00015220010308681153,0.00010705181032052428,0.17949766939090678,0.4978791294090131,0.6273062730627307,0.0001622186698390603,0.18847250009852184,0.031215411323936904,1.1381444728129546e-133,9.106469673098422e-15,4.3733177548502065,1.2901211993376904e-05,4.151054273596036e-51,0.0,,-0.10706218890342369,0.14149645477499412,0.04898619639089523,0.15354962377830933,0.07936507936507936,0.010638297872340425,,,,1400,0.1845748187211602,9482,7585,1897,8
HANG_SENG,XGB-QLIKE-HAR-X,XGB-QLIKE-HAR-X,100,200,2,0.05,0.8,0.8,5.0,5.0,0.0,0.00013413804975130793,0.00010363704175501919,0.15308443498827604,0.4819976417869305,0.5846072746441751,0.00017662049590886047,0.12142810173844953,0.01619219919822179,1.2404295819074882e-180,2.678901804717092e-08,6.0224578929555905,2.0580031012684685e-09,0.020462250961250816,0.0,,0.04284712028512733,0.5572177636424263,0.03245788567680915,0.11882679238606403,0.0582010582010582,0.0,,,,1400,0.1845748187211602,9482,7585,1897,8
AEX_NETHERLANDS,XGB-QLIKE-HAR-X,XGB-QLIKE-HAR-X,1,200,2,0.05,0.8,0.8,5.0,5.0,0.0,0.0003120132631915738,9.854295468029884e-05,0.4337391679662003,0.673967151274045,0.8440311937612478,-4.975036430354156e-05,1.3358817065610764,0.4425408639114612,4.243533263878646e-08,1.5495911817202508e-213,-1.7299451471354925,0.0838252779887223,0.0,5.116599255635452e-25,,0.46642944747338366,2.1121623252159817e-10,0.759627942629384,0.6634660579847642,0.5060240963855421,0.46987951807228917,,,,1400,0.21002100210021002,8333,6666,1667,8
AEX_NETHERLANDS,XGB-QLIKE-HAR-X,XGB-QLIKE-HAR-X,5,300,2,0.05,0.8,0.8,10.0,10.0,1.0,0.00022226830958510974,7.505422245270245e-05,0.26017864361642756,0.5133201116370558,0.8602279544091181,-1.5552470664639352e-05,1.212609868693979,0.5055172471972766,0.016634798131190273,6.6050522546460735e-257,-1.666313833900794,0.09583890314911203,0.0,0.0,,0.4600755459820463,3.9714122715791473e-10,0.7282570262474163,0.5765462097795223,0.4759036144578313,0.5421686746987951,,,,2100,0.31503150315031503,8333,6666,1667,8
AEX_NETHERLANDS,XGB-QLIKE-HAR-X,XGB-QLIKE-HAR-X,10,300,2,0.05,0.8,0.8,10.0,10.0,1.0,0.00021266551698858707,7.465903085405682e-05,0.2792964499100963,0.5106172684271001,0.8530293941211757,-7.231905971337026e-06,1.1428357664640147,0.43071644600381975,0.27001447472702433,6.092832174969889e-206,-1.6956842988567775,0.09013252624931067,0.0,0.0,,0.3777170272192277,4.848902164513092e-07,0.852673135721007,0.5522033648103546,0.4457831325301205,0.5421686746987951,,,,2100,0.31503150315031503,8333,6666,1667,8
AEX_NETHERLANDS,XGB-QLIKE-HAR-X,XGB-QLIKE-HAR-X,21,300,2,0.05,0.8,0.8,10.0,10.0,1.0,0.00020372399955003836,7.78420269976055e-05,0.32529674833215894,0.5323868089319848,0.8326334733053389,2.173139235318314e-05,0.9096564650999559,0.2604115497899532,0.001544353892883968,3.2875777817684047e-111,-1.7404029853156242,0.08197291732859546,0.0,0.0,,0.09860399682562587,0.20488168806910115,0.903386381401529,0.44849241701013576,0.4457831325301205,0.3855421686746988,,,,2100,0.31503150315031503,8333,6666,1667,8
AEX_NETHERLANDS,XGB-QLIKE-HAR-X,XGB-QLIKE-HAR-X,63,200,2,0.05,0.8,0.8,5.0,5.0,0.0,0.00016817980777157567,9.261485743284744e-05,0.4099982155166734,0.6334229761242096,0.7126574685062987,7.476534809956536e-05,0.41322326414253346,0.06614177742951477,6.781882034596684e-27,1.3684048441587443e-26,0.26779084046342305,0.7888934707161148,0.0,0.0,,-0.3568720313051822,2.201525682959378e-06,0.7384008481407847,0.3363571325799309,0.1927710843373494,0.2289156626506024,,,,1400,0.21002100210021002,8333,6666,1667,8
AEX_NETHERLANDS,XGB-QLIKE-HAR-X,XGB-QLIKE-HAR-X,100,200,2,0.05,0.8,0.8,5.0,5.0,0.0,0.00015317322676066736,9.843355746048837e-05,0.4256076828514442,0.6732189482915775,0.5998800239952009,0.0001086554270823914,0.17932959878580274,0.01480286455622759,1.6534118664915086e-59,6.282471645647362e-07,2.372800410665465,0.017766747640922453,0.0,0.0,,-0.40559872323569157,5.3981529445572846e-08,0.16155610801243683,0.2953753203952396,0.1927710843373494,0.12048192771084337,,,,1400,0.21002100210021002,8333,6666,1667,8
CAC40_FRANCE,XGB-QLIKE-HAR-X,XGB-QLIKE-HAR-X,1,200,2,0.05,0.8,0.8,5.0,5.0,0.0,0.0003386286561076311,0.00010655470577153931,0.4427594899134614,0.6882105517690934,0.8498883928571429,-5.493403983178797e-05,1.3416504231975657,0.4005261044229692,1.8816143403561933e-08,3.7859314368173306e-201,-1.7638879448603684,0.07792131146661285,0.0,2.0298884358635963e-24,,0.45732892990524393,1.090405073860337e-10,0.7094912694110066,0.6291821091666564,0.5027932960893855,0.550561797752809,,,,1400,0.19539427773900908,8957,7165,1792,8
CAC40_FRANCE,XGB-QLIKE-HAR-X,XGB-QLIKE-HAR-X,5,200,2,0.05,0.8,0.8,5.0,5.0,0.0,0.00023128886960255377,8.728381927737093e-05,0.26553359562139994,0.5637446510732879,0.8677455357142857,-4.6947832915665844e-05,1.251164842130251,0.5040097417525036,2.362797942356276e-11,7.455236975622058e-275,-1.7838705272641109,0.07461396972833434,0.0,0.0,,0.5477805630732965,1.7469144722309298e-15,0.8042771130032124,0.6114080546391106,0.553072625698324,0.5955056179775281,,,,1400,0.19539427773900908,8957,7165,1792,8
CAC40_FRANCE,XGB-QLIKE-HAR-X,XGB-QLIKE-HAR-X,10,300,2,0.05,0.8,0.8,10.0,10.0,1.0,0.00022721144990043955,7.979322048083235e-05,0.2580405965345198,0.5153647217823222,0.8772321428571429,-1.0700281794170781e-05,1.1548331971197963,0.39753954787740287,0.12543524927293187,3.2467028485417676e-199,-1.9183667276563787,0.055223350661013804,0.0,0.0,,0.38433902280934595,1.0009886725850838e-07,0.8739853034240136,0.5737629719963913,0.5307262569832403,0.5730337078651685,,,,2100,0.2930914166085136,8957,7165,1792,8
CAC40_FRANCE,XGB-QLIKE-HAR-X,XGB-QLIKE-HAR-X,21,200,2,0.05,0.8,0.8,5.0,5.0,0.0,0.0002162865626832801,9.14369664944146e-05,0.2902326942933818,0.5905688041421177,0.84375,4.390962641050062e-06,0.902061950808611,0.24392923304753167,0.5699215645640208,7.842648310857676e-111,-1.7963481795566667,0.07260762467154147,0.0,0.0,,0.12061071843781186,0.10679180059925111,0.8260148074539145,0.49505174135092056,0.46368715083798884,0.42696629213483145,,,,1400,0.19539427773900908,8957,7165,1792,8
CAC40_FRANCE,XGB-QLIKE-HAR-X,XGB-QLIKE-HAR-X,63,200,2,0.05,0.8,0.8,5.0,5.0,0.0,0.00017479023300605865,9.678005283843747e-05,0.3618072786917041,0.6250784804097618,0.7427455357142857,6.945260239808995e-05,0.47108526524190164,0.0724121499710575,1.9051533468146458e-20,4.219560789274533e-31,-0.4594200678486725,0.6459882963177423,0.0,0.0,,-0.2598088312535856,0.0004281491180405461,0.6914327313117279,0.3565960759201635,0.18435754189944134,0.25842696629213485,,,,1400,0.19539427773900908,8957,7165,1792,8
CAC40_FRANCE,XGB-QLIKE-HAR-X,XGB-QLIKE-HAR-X,100,200,2,0.05,0.8,0.8,5.0,5.0,0.0,0.00015641689935557977,9.896917768514257e-05,0.36000997590134914,0.6392174976191243,0.6389508928571429,0.00010205840830737842,0.26087738163389607,0.023811011212888644,7.193057312927008e-44,5.134345373314474e-11,0.9909307133751202,0.32185326820829907,0.0,0.0,,-0.32080574448472216,1.1299160148623756e-05,0.22936291319736474,0.309206635159804,0.1787709497206704,0.10112359550561797,,,,1400,0.19539427773900908,8957,7165,1792,8
STI_SINGAPORE,XGB-QLIKE-HAR-X,XGB-QLIKE-HAR-X,1,300,2,0.05,0.8,0.8,10.0,10.0,1.0,0.00015060311961167088,4.506051292847373e-05,0.38491077455561945,0.40958522661616203,0.9059326563335115,-4.4792922282484346e-06,1.0501543964861972,0.2589668573975057,0.30401790082364555,8.357200103731091e-124,-2.7370185184799802,0.006258564585454707,0.0,2.245301015905157e-17,,0.4297435577463031,8.369815374511605e-10,0.701423980070565,0.7370907931894569,0.37967914438502676,0.41935483870967744,,,,2100,0.2806361085126286,9354,7483,1871,8
STI_SINGAPORE,XGB-QLIKE-HAR-X,XGB-QLIKE-HAR-X,5,300,2,0.05,0.8,0.8,10.0,10.0,1.0,9.245263408865544e-05,3.558177624676963e-05,0.21733762426432057,0.32342663099668245,0.9150187065740246,-9.996408551393681e-06,1.0944752758462828,0.4100057065078241,0.0006569997867254194,2.0731392217986137e-216,-2.888969089425283,0.0039095669875302,0.0,0.0,,0.47467141845195066,6.728294635355747e-12,0.7589209322347439,0.6501502400162007,0.45989304812834225,0.5268817204301075,,,,2100,0.2806361085126286,9354,7483,1871,8
STI_SINGAPORE,XGB-QLIKE-HAR-X,XGB-QLIKE-HAR-X,10,300,2,0.05,0.8,0.8,10.0,10.0,1.0,8.906397715875355e-05,3.5058791976257065e-05,0.20463753337590615,0.31867287616715806,0.9380010689470871,-2.8695942898994604e-06,0.9684273384987645,0.3132684508506074,0.3449015787275156,9.886963452966954e-155,-3.494374009542622,0.0004862412194883703,0.0,0.0,,0.4677237986834285,1.486350920296536e-11,0.9040135008252691,0.5709649474380121,0.4919786096256685,0.5806451612903226,,,,2100,0.2806361085126286,9354,7483,1871,8
STI_SINGAPORE,XGB-QLIKE-HAR-X,XGB-QLIKE-HAR-X,21,200,2,0.05,0.8,0.8,5.0,5.0,0.0,8.676615841176125e-05,4.8784448475236866e-05,0.2611612173031375,0.44343457465279174,0.89470871191876,-2.4025276313057927e-06,0.7286266674792459,0.19007416656114506,0.5068552014896301,1.1687449499112682e-87,-4.254906834572933,2.194772228869546e-05,0.0,0.0,,0.13556174303371063,0.06432827799035495,0.9267529966953251,0.4661400242585762,0.49732620320855614,0.5053763440860215,,,,1400,0.18709073900841908,9354,7483,1871,8
STI_SINGAPORE,XGB-QLIKE-HAR-X,XGB-QLIKE-HAR-X,63,300,2,0.05,0.8,0.8,10.0,10.0,1.0,6.878394688078628e-05,4.052871745841537e-05,0.2538690468853587,0.36839269785981393,0.8567610903260289,3.489407639184199e-05,0.37086621610939297,0.06593033981158514,1.0182280317807487e-34,1.4884355172858774e-29,-4.602491284567662,4.4553720970341715e-06,0.0,0.0,,-0.1723818996619675,0.018315894476323057,0.5919176661395755,0.3674945290926492,0.3582887700534759,0.25806451612903225,,,,2100,0.2806361085126286,9354,7483,1871,8
STI_SINGAPORE,XGB-QLIKE-HAR-X,XGB-QLIKE-HAR-X,100,300,2,0.05,0.8,0.8,10.0,10.0,1.0,6.44326794638123e-05,4.155634624833716e-05,0.25248141255346973,0.3777335052195864,0.8396579369321219,4.8816788012582624e-05,0.1777938008463517,0.01758634662385372,6.731062518345715e-71,8.520761195986203e-09,-3.647939317686875,0.0002715940505741976,0.0,0.0,,-0.019158845918101443,0.7946628648801837,0.258126342841174,0.2844428533503002,0.20320855614973263,0.07526881720430108,,,,2100,0.2806361085126286,9354,7483,1871,8
EUROSTOXX50,XGB-QLIKE-HAR-X,XGB-QLIKE-HAR-X,1,300,2,0.05,0.8,0.8,10.0,10.0,1.0,0.00011520288086021615,5.0188287933453814e-05,0.3491973957887471,0.4576310247436411,0.8793859649122807,1.2607610178216303e-05,0.7911972355036363,0.19940802844773442,0.022247565783746252,6.64733162822324e-46,-5.530373445918596,4.175106704806808e-08,0.0,2.7501165919249443e-25,,0.09623476103139499,0.36147863625230436,0.5198366632632535,0.3174489155862102,0.4175824175824176,0.28888888888888886,,,,2100,0.5758157389635317,4559,3647,912,8
EUROSTOXX50,XGB-QLIKE-HAR-X,XGB-QLIKE-HAR-X,5,300,2,0.05,0.8,0.8,10.0,10.0,1.0,7.645968653441248e-05,3.80170958175619e-05,0.19939259377173196,0.3466506476538176,0.8870614035087719,1.9908027931053554e-05,0.6652304182334579,0.2525979762477186,3.184495326057356e-07,1.5377294668871296e-59,-6.515363994086533,1.1981904357583062e-10,0.0,5.419240402621729e-244,,-0.06194226530832421,0.5574927365625062,0.43761065055341786,0.3275531037487437,0.4175824175824176,0.24444444444444444,,,,2100,0.5758157389635317,4559,3647,912,8
EUROSTOXX50,XGB-QLIKE-HAR-X,XGB-QLIKE-HAR-X,10,300,2,0.05,0.8,0.8,10.0,10.0,1.0,6.987903089442855e-05,3.782220422610275e-05,0.18333888850886707,0.34487357092165993,0.881578947368421,3.0319036157812447e-05,0.5192769625789256,0.18307157446111855,2.478437994836188e-16,6.801638274078471e-42,-5.96031494617667,3.595802766653833e-09,0.0,0.0,,-0.045142795493426625,0.6691664818949044,0.3950061276906333,0.2876949761604681,0.4065934065934066,0.2,,,,2100,0.5758157389635317,4559,3647,912,8
EUROSTOXX50,XGB-QLIKE-HAR-X,XGB-QLIKE-HAR-X,21,300,2,0.05,0.8,0.8,10.0,10.0,1.0,6.184059604410768e-05,3.7895991388313554e-05,0.15626928447046395,0.34554638316622643,0.8728070175438597,3.8534513030966776e-05,0.38803498659549684,0.1449465568429702,1.4883443603891854e-31,7.867998260552757e-33,-5.0507604683233644,5.315623496926491e-07,0.0,0.0,,-0.15093321825439637,0.15096016482790944,0.3499598026882675,0.2978826346462391,0.31868131868131866,0.13333333333333333,,,,2100,0.5758157389635317,4559,3647,912,8
EUROSTOXX50,XGB-QLIKE-HAR-X,XGB-QLIKE-HAR-X,63,300,2,0.05,0.8,0.8,10.0,10.0,1.0,5.616672762962725e-05,4.222926921146872e-05,0.1524582031067789,0.3850584377184513,0.768640350877193,4.035053806408283e-05,0.2899104981780294,0.12258139285713154,5.574700385566549e-41,1.0810747694166504e-27,-6.340667151773534,3.596125619509394e-10,5.7705702028104e-310,0.0,,-0.6928779495399411,1.9730202992126808e-14,0.06378614462111404,0.17967969283136745,0.08791208791208792,0.0,,,,2100,0.5758157389635317,4559,3647,912,8
EUROSTOXX50,XGB-QLIKE-HAR-X,XGB-QLIKE-HAR-X,100,300,2,0.05,0.8,0.8,10.0,10.0,1.0,5.528205381495693e-05,4.563606281602706e-05,0.16008247525451894,0.41612254674746046,0.8179824561403509,3.078986997796966e-05,0.3421093782581293,0.18020708574061128,2.3327139233265228e-26,3.3702880803681656e-41,-8.46414933424905,2.220446049250313e-16,3.0327429390014813e-105,0.0,,0.6807638364440608,8.282357731233511e-14,0.029277605123735267,0.13353634808899117,0.3626373626373626,0.35555555555555557,,,,2100,0.5758157389635317,4559,3647,912,8
NIFTY50,XGB-QLIKE-HAR-X,XGB-QLIKE-HAR-X,1,200,2,0.05,0.8,0.8,5.0,5.0,0.0,0.00021397885476248847,7.170147606069644e-05,0.520856461733632,0.45930729656462294,0.906789413118527,5.472285150618682e-05,0.15353561859206852,0.018164651018974687,4.962144129754197e-15,6.733161763444609e-05,0.3242858699696886,0.7457997449993565,0.0,1.5252150189314215e-07,,-0.0009841802143325798,0.9927815986128468,0.5679345573378359,0.4399958799001045,0.19767441860465115,0.11627906976744186,,,,1400,0.4031097034264325,4342,3473,869,8
NIFTY50,XGB-QLIKE-HAR-X,XGB-QLIKE-HAR-X,5,200,2,0.05,0.8,0.8,5.0,5.0,0.0,0.00011890430664615889,5.824146521488846e-05,0.30045608180346395,0.3730847871690679,0.9401611047180668,5.2324174723756035e-05,0.17074913363982036,0.01941277026775301,2.581105890415642e-22,3.764453842051088e-05,-1.3660969624038979,0.17226235093586895,0.0,8.315808984510891e-95,,0.10871595791811983,0.31617798663563834,0.5694794411035202,0.37283991537252453,0.27906976744186046,0.18604651162790697,,,,1400,0.4031097034264325,4342,3473,869,8
NIFTY50,XGB-QLIKE-HAR-X,XGB-QLIKE-HAR-X,10,200,2,0.05,0.8,0.8,5.0,5.0,0.0,0.00010950769512061144,5.9105395493481285e-05,0.2677375684821324,0.3786189756193152,0.9378596087456847,5.7985115369137754e-05,0.10595695495587792,0.014672903834827888,3.068563523863999e-43,0.00034508846553809214,-0.8450327192067395,0.39832543087929473,0.0,2.724299256699428e-122,,-0.08418501019153563,0.43819440884799077,0.6091298054995896,0.362429906818215,0.2558139534883721,0.09302325581395349,,,,1400,0.4031097034264325,4342,3473,869,8
NIFTY50,XGB-QLIKE-HAR-X,XGB-QLIKE-HAR-X,21,200,2,0.05,0.8,0.8,5.0,5.0,0.0,7.999425693492906e-05,5.907511486911201e-05,0.242555186226284,0.37842500315903327,0.9332566168009206,4.385623939215925e-05,0.21927754967993643,0.050251502776726964,1.2799067659664337e-25,2.3258648082415944e-11,-4.210496878321811,2.8138876445815697e-05,0.0,2.3498580820973444e-248,,-0.1866032414324677,0.08352663278255786,0.6168995566595441,0.2533261832658925,0.1744186046511628,0.09302325581395349,,,,1400,0.4031097034264325,4342,3473,869,8
NIFTY50,XGB-QLIKE-HAR-X,XGB-QLIKE-HAR-X,63,200,2,0.05,0.8,0.8,5.0,5.0,0.0,8.112090351686039e-05,6.938819795544854e-05,0.31593935344543567,0.4444888357588214,0.9769850402761795,5.509241653991309e-05,0.08632690201352447,0.005764120739077505,8.644956210785675e-24,0.02521494888194128,-9.254818875803334,0.0,0.0,0.0,,0.09218122763474387,0.39577931899990093,0.025345644174941086,0.17929085388094668,0.03488372093023256,0.023255813953488372,,,,1400,0.4031097034264325,4342,3473,869,8
NIFTY50,XGB-QLIKE-HAR-X,XGB-QLIKE-HAR-X,100,200,2,0.05,0.8,0.8,5.0,5.0,0.0,7.85755150692012e-05,7.145784358042004e-05,0.31019497811403784,0.45774662889055223,0.9769850402761795,3.090496234474324e-05,0.25040439234968687,0.03893627286880974,1.5893087053502507e-07,4.457964349741319e-09,-17.433324671488553,0.0,1.5390697147859852e-250,0.0,,0.254058659788896,0.017571378643101047,0.014162993437478113,0.11887415489677389,0.09302325581395349,0.06976744186046512,,,,1400,0.4031097034264325,4342,3473,869,8
NIKKEI225,XGB-QLIKE-HAR-X,XGB-QLIKE-HAR-X,1,200,2,0.05,0.8,0.8,5.0,5.0,0.0,0.00015711079181808144,8.015362602139182e-05,0.39734079086283586,0.7092177369701707,0.6553349040727028,-2.8341202078038376e-05,1.0746548754471914,0.2862615346115075,1.5463300479361542e-08,1.0366955150100102e-219,-2.4281841694380817,0.015233654033984356,0.0,0.4337774824545028,,0.3899275655574195,3.1839961847362914e-12,0.514046266067159,0.413807105368224,0.41414141414141414,0.4189189189189189,,,,1400,0.11784511784511785,14851,11880,2971,8
NIKKEI225,XGB-QLIKE-HAR-X,XGB-QLIKE-HAR-X,5,300,2,0.05,0.8,0.8,10.0,10.0,1.0,0.0001043691067483688,5.244546978878841e-05,0.1756122925285956,0.46404959131873963,0.7357791989229215,2.43856788924362e-06,0.9779498151622693,0.3304574702395213,0.48160769941358095,5.935217545380928e-261,-2.5873890147665106,0.009717720767915106,0.0,0.0,,0.38936530979179296,3.4408511166050406e-12,0.5843815637979963,0.39229292296872725,0.43434343434343436,0.5,,,,2100,0.17676767676767677,14851,11880,2971,8
NIKKEI225,XGB-QLIKE-HAR-X,XGB-QLIKE-HAR-X,10,300,2,0.05,0.8,0.8,10.0,10.0,1.0,9.393185667772016e-05,5.047843115945882e-05,0.158368873442218,0.44664478065111346,0.7441938741164591,1.551020871350221e-05,0.841568195451689,0.2756651085266406,4.254737010701578e-06,3.3502112494846414e-210,-2.2946935789882414,0.021820130475037613,0.0,0.0,,0.2866301322677162,5.042598865987827e-07,0.5884085727629079,0.33031077785714685,0.3838383838383838,0.4797297297297297,,,,2100,0.17676767676767677,14851,11880,2971,8
NIKKEI225,XGB-QLIKE-HAR-X,XGB-QLIKE-HAR-X,21,200,2,0.05,0.8,0.8,5.0,5.0,0.0,8.670556970544123e-05,5.8622720726783486e-05,0.15605504040708454,0.5187073298192101,0.6051834399192191,1.5353356764552498e-05,0.7129647753481085,0.20046981190057012,7.755208940802225e-05,1.8721976113566172e-146,-0.9525258157988226,0.34090789133140675,0.0,0.0,,0.23033624617668447,6.154415818226086e-05,0.3824437068200958,0.27958406633991023,0.3468013468013468,0.31756756756756754,,,,1400,0.11784511784511785,14851,11880,2971,8
NIKKEI225,XGB-QLIKE-HAR-X,XGB-QLIKE-HAR-X,63,200,2,0.05,0.8,0.8,5.0,5.0,0.0,7.112785010034149e-05,5.791892342930081e-05,0.13965403172024696,0.5124799692943952,0.44867048131942106,3.677903942876061e-05,0.5305212618662585,0.07871722148714333,1.0789805653836915e-13,7.1979352172937e-55,3.0625256467879773,0.002214445779347596,0.0,0.0,,-0.23771488354154027,3.489595811780001e-05,0.2027038361645249,0.17063422841583312,0.23905723905723905,0.14864864864864866,,,,1400,0.11784511784511785,14851,11880,2971,8
NIKKEI225,XGB-QLIKE-HAR-X,XGB-QLIKE-HAR-X,100,200,2,0.05,0.8,0.8,5.0,5.0,0.0,6.514670415357836e-05,5.59793772058472e-05,0.1254984986389162,0.4953184177635924,0.3793335577246718,4.9868184631076125e-05,0.4292646677867119,0.045888578635615906,3.766966888012419e-20,3.5205799661420784e-32,5.377451950509989,8.140784868437834e-08,0.0,0.0,,-0.3474725585297089,7.467625950056347e-10,0.14979995612344477,0.12075722589493683,0.25925925925925924,0.14864864864864866,,,,1400,0.11784511784511785,14851,11880,2971,8
DJIA,XGB-QLIKE-HAR-X,XGB-QLIKE-HAR-X,1,300,2,0.05,0.8,0.8,10.0,10.0,1.0,0.000354801973234105,7.031323124903671e-05,0.3865515367838127,0.9853715743429886,0.8081947743467933,-1.8044317964668144e-05,1.3739394601957082,0.29891742522280096,0.06119776578976128,6.957586095727265e-132,-1.4870242776581455,0.1371957124362979,0.0,1.6558372747369687e-63,,0.44536572025259813,1.3004170734644635e-09,0.8449378102638766,0.7515360517192787,0.47023809523809523,0.5357142857142857,,,,2100,0.31194295900178254,8416,6732,1684,8
DJIA,XGB-QLIKE-HAR-X,XGB-QLIKE-HAR-X,5,300,2,0.05,0.8,0.8,10.0,10.0,1.0,0.0002415135525616017,5.66852817343921e-05,0.24232352085556932,0.7943891115864345,0.8444180522565321,-2.7580496224482973e-05,1.4893766591605218,0.4690241805214097,2.7182891323153426e-05,1.7415382284343792e-233,-1.4712085219525046,0.1414216759944127,0.0,0.0,,0.3772810899507733,4.2729387347065696e-07,1.0090103465309217,0.7496503436992246,0.49404761904761907,0.47619047619047616,,,,2100,0.31194295900178254,8416,6732,1684,8
DJIA,XGB-QLIKE-HAR-X,XGB-QLIKE-HAR-X,10,200,2,0.05,0.8,0.8,5.0,5.0,0.0,0.00022302347497520935,6.664084584932171e-05,0.26004704199790074,0.9339066634203953,0.7767220902612827,-3.600635501625638e-05,1.3300766291999289,0.3826069615523727,1.6835497786958821e-07,2.2886760706404892e-178,-1.5047929456746856,0.13256495433479554,0.0,0.0,,0.24986077271145146,0.0010521178580175602,0.9881737106147174,0.6837893959403414,0.4880952380952381,0.4166666666666667,,,,1400,0.20796197266785502,8416,6732,1684,8
DJIA,XGB-QLIKE-HAR-X,XGB-QLIKE-HAR-X,21,200,2,0.05,0.8,0.8,5.0,5.0,0.0,0.00020707048260220392,6.929445969106813e-05,0.3289803937679435,0.971094481452522,0.7701900237529691,-6.755355661413984e-07,0.9980916549042015,0.22613431831195796,0.9218249024744388,9.520512565642054e-96,-1.313764629290779,0.18910447529228502,0.0,0.0,,0.11571908142255322,0.13407583678067542,0.913261622596453,0.6481962853575991,0.43452380952380953,0.38095238095238093,,,,1400,0.20796197266785502,8416,6732,1684,8
DJIA,XGB-QLIKE-HAR-X,XGB-QLIKE-HAR-X,63,200,2,0.05,0.8,0.8,5.0,5.0,0.0,0.00015684195224386217,6.998184794444523e-05,0.44396554529172383,0.9807275595145453,0.7238717339667459,4.549040127037096e-05,0.5663255193942738,0.06842206388874239,1.875082065865679e-12,9.577749691085853e-28,-0.4732360246888048,0.6361061707091067,0.0,0.0,,-0.36553525777893403,1.0244770756075438e-06,1.0291061719605665,0.4631310701105423,0.27976190476190477,0.30952380952380953,,,,1400,0.20796197266785502,8416,6732,1684,8
DJIA,XGB-QLIKE-HAR-X,XGB-QLIKE-HAR-X,100,200,2,0.05,0.8,0.8,5.0,5.0,0.0,0.0001361975127811438,7.0192105144043e-05,0.45344521513033054,0.9836741097456221,0.6609263657957245,7.005582663790951e-05,0.32738282645939376,0.023005608754977147,1.0287172992547105e-28,3.9531318429754165e-10,0.9818800957263227,0.3263000472574995,0.0,0.0,,-0.17006012447976065,0.027070420088461795,0.15568614913730439,0.41718759425725416,0.17261904761904762,0.11904761904761904,,,,1400,0.20796197266785502,8416,6732,1684,8
RUSSELL2000,XGB-QLIKE-HAR-X,XGB-QLIKE-HAR-X,1,300,2,0.05,0.8,0.8,10.0,10.0,1.0,0.00022707860522968242,0.00010017709015016872,0.376854548783499,1.222792189864705,0.7029442691903259,-9.322619848618435e-06,1.1415266976750804,0.46095065832574056,0.1601661110460521,3.0026607625475008e-257,-1.7867272848642193,0.07414087671267455,0.0,9.369040055260558e-70,,0.4053873335403265,5.973549656230131e-09,0.5637977092957946,0.5433129495406219,0.38421052631578945,0.42105263157894735,,,,2100,0.27617043661230933,9506,7604,1902,8
RUSSELL2000,XGB-QLIKE-HAR-X,XGB-QLIKE-HAR-X,5,300,2,0.05,0.8,0.8,10.0,10.0,1.0,0.0002041112702055241,8.001635824509793e-05,0.20794756335529158,0.9767041324204132,0.7171398527865405,1.3572171649498914e-05,0.9997796467950433,0.35290561977574353,0.03655330403359342,8.081759010902237e-182,-1.7177027494664714,0.08601370249704443,0.0,0.0,,0.3997513087934843,1.0097639218322824e-08,0.5909151613203216,0.4843759430785894,0.4631578947368421,0.43157894736842106,,,,2100,0.27617043661230933,9506,7604,1902,8
RUSSELL2000,XGB-QLIKE-HAR-X,XGB-QLIKE-HAR-X,10,200,2,0.05,0.8,0.8,5.0,5.0,0.0,0.00019212553463304592,8.130147451423288e-05,0.19056350574046552,0.9923906545045609,0.6908517350157729,2.327251585652579e-05,0.8355052493836626,0.26507026002445844,0.0006059528676096696,3.045971230219151e-129,-1.791882890364015,0.07331071692267521,0.0,0.0,,0.18031138054560483,0.01255714160221573,0.5333744199149716,0.4339864749387533,0.45263157894736844,0.3368421052631579,,,,1400,0.1841136244082062,9506,7604,1902,8
RUSSELL2000,XGB-QLIKE-HAR-X,XGB-QLIKE-HAR-X,21,200,2,0.05,0.8,0.8,5.0,5.0,0.0,0.0001733581933913289,7.994957469794271e-05,0.2172993056962991,0.9758889520258692,0.7029442691903259,5.732625273269565e-05,0.6328828286074062,0.18391443772507987,1.0482230000019729e-19,5.999302261760682e-86,-1.5087799187561022,0.13152120738489081,0.0,0.0,,0.07834975199779554,0.2813175548184511,0.5928800578344081,0.4367869955375643,0.4105263157894737,0.42105263157894735,,,,1400,0.1841136244082062,9506,7604,1902,8
RUSSELL2000,XGB-QLIKE-HAR-X,XGB-QLIKE-HAR-X,63,200,2,0.05,0.8,0.8,5.0,5.0,0.0,0.00013629631163062945,7.705719834999744e-05,0.2776538963706256,0.9405837220265238,0.7166140904311251,0.00010218903936457255,0.3613377585369461,0.06759035071865338,6.730706004672408e-66,9.351694153628746e-31,-0.828953378138653,0.40723485779043567,0.0,0.0,,-0.4208301453961368,1.3471922488439275e-09,0.422098094554559,0.343491801994129,0.2789473684210526,0.17894736842105263,,,,1400,0.1841136244082062,9506,7604,1902,8
RUSSELL2000,XGB-QLIKE-HAR-X,XGB-QLIKE-HAR-X,100,200,2,0.05,0.8,0.8,5.0,5.0,0.0,0.0001223759970163202,7.374667899468702e-05,0.26333126643230687,0.9001745106389568,0.7429022082018928,0.00013657008537107344,0.15402736137401368,0.012382441171585157,2.0028557691682184e-112,1.1451255327790293e-06,0.3153899624045203,0.7525002048349134,0.0,0.0,,-0.46173459832059316,1.7781154916169122e-11,0.32907021394222136,0.3163195295613768,0.12631578947368421,0.09473684210526316,,,,1400,0.1841136244082062,9506,7604,1902,8
SENSEX,XGB-QLIKE-HAR-X,XGB-QLIKE-HAR-X,1,300,2,0.05,0.8,0.8,10.0,10.0,1.0,0.00020330470201902713,7.021395874654686e-05,0.45825542921729345,0.36648568724105124,0.9069767441860465,3.809005830606146e-05,0.6223537417914343,0.07380621165249501,8.433935768582761e-07,1.045026760774248e-24,-6.349226004497789,2.933169263030777e-10,0.0,0.017673562947714383,,0.08511857603729774,0.3208929912536963,0.594763562454207,0.3555811437532861,0.35766423357664234,0.25,,,,2100,0.3817487729503727,6877,5501,1376,8
SENSEX,XGB-QLIKE-HAR-X,XGB-QLIKE-HAR-X,5,300,2,0.05,0.8,0.8,10.0,10.0,1.0,0.00011577578000438403,5.583743499530526e-05,0.2446040749729603,0.2914466169312577,0.9120639534883721,3.860042688096537e-05,0.5620939700363027,0.1649160263016609,3.459874413542585e-17,8.938505175818938e-56,-6.166092477257782,9.183942495383235e-10,0.0,6.080464363291326e-203,,0.02355995241889636,0.7838637694558745,0.5728247355935072,0.35018308033221074,0.41605839416058393,0.3088235294117647,,,,2100,0.3817487729503727,6877,5501,1376,8
SENSEX,XGB-QLIKE-HAR-X,XGB-QLIKE-HAR-X,10,300,2,0.05,0.8,0.8,10.0,10.0,1.0,9.171548661098744e-05,5.130986355943122e-05,0.19615158031634794,0.26781470443364686,0.9244186046511628,4.001791557383663e-05,0.5070722022892414,0.20323510427605296,1.561177792176216e-27,7.788990339070802e-70,-7.432774339196025,1.8629542353210127e-13,0.0,0.0,,0.13132978225480546,0.12468543116336062,0.5556102214443217,0.318267836383909,0.3722627737226277,0.39705882352941174,,,,2100,0.3817487729503727,6877,5501,1376,8
SENSEX,XGB-QLIKE-HAR-X,XGB-QLIKE-HAR-X,21,300,2,0.05,0.8,0.8,10.0,10.0,1.0,7.078380855023874e-05,4.790887870302753e-05,0.1514041531482852,0.2500630736376292,0.8997093023255814,3.1322379456892295e-05,0.535719784865248,0.31510470439791005,1.368276656667289e-26,4.5370202571000955e-115,-12.205496099532871,0.0,0.0,0.0,,0.2784521985711969,0.0009430950509662433,0.17542769562635882,0.25813727278670506,0.3284671532846715,0.38235294117647056,,,,2100,0.3817487729503727,6877,5501,1376,8
SENSEX,XGB-QLIKE-HAR-X,XGB-QLIKE-HAR-X,63,200,2,0.05,0.8,0.8,5.0,5.0,0.0,8.614335880937129e-05,6.590533584899452e-05,0.2039769211596233,0.34399658889278784,0.907703488372093,3.650632807548234e-05,0.3487101718821344,0.29054516415146514,7.236045343714872e-48,1.5339071978944008e-104,-8.489482672978912,0.0,0.0,0.0,,0.3750390991554582,5.837573568680504e-06,0.07726120243246205,0.32182647309473383,0.30656934306569344,0.2647058823529412,,,,1400,0.2544991819669151,6877,5501,1376,8
SENSEX,XGB-QLIKE-HAR-X,XGB-QLIKE-HAR-X,100,300,2,0.05,0.8,0.8,10.0,10.0,1.0,7.880513424691576e-05,5.4139444860293125e-05,0.15622580377002673,0.28258386239259475,0.9200581395348837,4.519980306471134e-05,0.30436853995387436,0.2896472781181828,4.4062834550008716e-99,3.662974578440971e-104,-9.216483229786732,0.0,0.0,0.0,,0.10950275006906565,0.2010683433421366,0.07402795095036534,0.341890364285389,0.291970802919708,0.27941176470588236,,,,2100,0.3817487729503727,6877,5501,1376,8
NASDAQ,XGB-QLIKE-HAR-X,XGB-QLIKE-HAR-X,1,300,2,0.05,0.8,0.8,10.0,10.0,1.0,0.0004377638883222347,0.0001321107518765656,0.4931002153923564,1.0928128491174218,0.7686131386861313,-3.140017168993063e-05,1.3453886445107053,0.27866044473603213,0.00295052107970653,1.7928805509575967e-196,-2.0789917825499424,0.0377109564114555,0.0,2.317750995495028e-38,,0.41193755149959527,1.1980684186071024e-12,0.6772242454404039,0.37322657455326097,0.40875912408759124,0.3722627737226277,,,,2100,0.19164081036685526,13698,10958,2740,8
NASDAQ,XGB-QLIKE-HAR-X,XGB-QLIKE-HAR-X,5,200,2,0.05,0.8,0.8,5.0,5.0,0.0,0.0003020567515786977,0.0001092572217945426,0.31328739095216024,0.9037697094291345,0.7828467153284672,-1.8429688274860258e-05,1.1228371793834455,0.30848529631764177,0.023627689807349098,1.3376867108672845e-221,-1.9768400384532623,0.048159860129724175,0.0,0.0,,0.20098820887142055,0.0008200248967650022,0.6714811443997252,0.33261497916863497,0.4854014598540146,0.40145985401459855,,,,1400,0.12776054024457018,13698,10958,2740,8
NASDAQ,XGB-QLIKE-HAR-X,XGB-QLIKE-HAR-X,10,200,2,0.05,0.8,0.8,5.0,5.0,0.0,0.00027111728122007346,0.00010935913342182594,0.3075216380878573,0.9046127167861265,0.7795620437956204,9.341793191793272e-06,0.9592463380103928,0.25763529008123887,0.22195062550187902,2.2507874248673753e-179,-2.011072212453502,0.04441563742626031,0.0,0.0,,-0.013079183590132494,0.8293631110781354,0.5988237226954243,0.29451719941207855,0.48175182481751827,0.32116788321167883,,,,1400,0.12776054024457018,13698,10958,2740,8
NASDAQ,XGB-QLIKE-HAR-X,XGB-QLIKE-HAR-X,21,200,2,0.05,0.8,0.8,5.0,5.0,0.0,0.00023828517471355048,0.00011155028951403652,0.33311694524835117,0.9227378390640386,0.7624087591240876,4.2862431334743385e-05,0.7624667983216112,0.19976938868574656,1.0540180692906657e-09,1.0810388200190808e-134,-1.8601906105483115,0.0629656763846147,0.0,0.0,,0.0024328962812068624,0.968023326897524,0.5348064643207092,0.2831170430538725,0.34306569343065696,0.23357664233576642,,,,1400,0.12776054024457018,13698,10958,2740,8
NASDAQ,XGB-QLIKE-HAR-X,XGB-QLIKE-HAR-X,63,200,2,0.05,0.8,0.8,5.0,5.0,0.0,0.00019662393671812247,0.00012130899055197491,0.40069131097985206,1.0034612755252788,0.6649635036496351,0.00011204297859277525,0.37699120394753194,0.08152610785262482,1.0498642417744012e-79,1.4596158718692663e-52,0.8262122426943109,0.4087556664975118,0.0,0.0,,-0.2708962297102703,5.39083279141771e-06,0.5731071545083221,0.22657691147924924,0.14233576642335766,0.12408759124087591,,,,1400,0.12776054024457018,13698,10958,2740,8
NASDAQ,XGB-QLIKE-HAR-X,XGB-QLIKE-HAR-X,100,200,2,0.05,0.8,0.8,5.0,5.0,0.0,0.0001778609733701123,0.0001198118756224304,0.3886796281029806,0.9910772234449424,0.5956204379562043,0.00013539733788240792,0.25512911667060384,0.048028424782665,2.473186946255409e-138,3.763377119303376e-31,2.937639664929209,0.003334811833982876,0.0,0.0,,-0.6254735608794166,3.736801427879936e-31,0.3936098234363004,0.16662229767608278,0.15693430656934307,0.08029197080291971,,,,1400,0.12776054024457018,13698,10958,2740,8
SP500,XGB-QLIKE-HAR-X,XGB-QLIKE-HAR-X,1,400,3,0.05,0.8,0.8,10.0,10.0,1.0,0.00021063210849615413,6.843537771379411e-05,0.4217072209845512,0.4529124594962108,0.8798774259448416,1.804387162028838e-05,0.8528145910304002,0.4204702214893642,4.6089394696030276e-08,0.0,-2.7223356729852957,0.006505190853579146,0.0,2.2234211354721228e-12,,0.5211995460036002,1.7754132799608866e-35,0.712966593412049,0.6925225342063247,0.5337423312883436,0.5614754098360656,,,,6000,0.3064820963375389,24472,19577,4895,8
SP500,XGB-QLIKE-HAR-X,XGB-QLIKE-HAR-X,5,300,3,0.05,0.8,0.8,5.0,5.0,0.0,0.0001481216674009054,5.238728893190408e-05,0.25709918221201433,0.34670453600352996,0.898467824310521,-2.3369383243109476e-06,1.0980537661311365,0.5626858160274792,0.3464873141365896,0.0,-3.120776611753467,0.0018142509677485652,0.0,0.0,,0.4709017854344724,2.064397100021694e-28,0.7325434016498225,0.6105110160115274,0.6134969325153374,0.5819672131147541,,,,4500,0.2298615722531542,24472,19577,4895,8
SP500,XGB-QLIKE-HAR-X,XGB-QLIKE-HAR-X,10,400,3,0.05,0.8,0.8,10.0,10.0,1.0,0.00014516054268905355,5.189910512619137e-05,0.2569229921107306,0.3434736847169884,0.8972420837589377,-7.73074271817285e-06,1.2095230516243767,0.5219383539694624,0.0022646233352229565,0.0,-3.5751580880952933,0.00035339424198888025,0.0,0.0,,0.3647493878163013,7.268240635080499e-17,0.683991864759816,0.4793772950691565,0.6053169734151329,0.5327868852459017,,,,6000,0.3064820963375389,24472,19577,4895,8
SP500,XGB-QLIKE-HAR-X,XGB-QLIKE-HAR-X,21,400,3,0.05,0.8,0.8,10.0,10.0,1.0,0.00014588685055169965,5.427494103099284e-05,0.2932876352207411,0.35919721425609913,0.8782431052093973,-1.7331889908076402e-05,1.3937435955684276,0.4302633974686867,7.95737914902208e-10,0.0,-4.544571143730942,5.6372906975799e-06,0.0,0.0,,0.42087052356209187,1.8616470066273513e-22,0.7441142640825352,0.39625473802030514,0.5296523517382413,0.5450819672131147,,,,6000,0.3064820963375389,24472,19577,4895,8
SP500,XGB-QLIKE-HAR-X,XGB-QLIKE-HAR-X,63,400,3,0.05,0.8,0.8,10.0,10.0,1.0,0.00013454569213166927,5.945722499834479e-05,0.3988152152300601,0.3934941094566652,0.8439223697650664,-7.161759522551777e-07,1.2415412198540476,0.2305798510330247,0.8279574696144205,7.491375010522873e-281,-5.964546764326137,2.625548223278429e-09,0.0,0.0,,0.18742279491910604,2.9767231514480606e-05,0.6063446342841988,0.26012824124970124,0.43558282208588955,0.4426229508196721,,,,6000,0.3064820963375389,24472,19577,4895,8
SP500,XGB-QLIKE-HAR-X,XGB-QLIKE-HAR-X,100,400,3,0.05,0.8,0.8,10.0,10.0,1.0,0.00012460253046149339,6.089534162653685e-05,0.43056575242650486,0.40301171512899536,0.8286006128702758,1.479987784963117e-05,1.075770048842395,0.152638040381741,1.768885780739625e-05,3.058628902606801e-178,-5.4534342873596975,5.183491769145121e-08,0.0,0.0,,0.18014301449779951,6.0640301493083864e-05,0.5684907055004013,0.21295369147812807,0.3210633946830266,0.29918032786885246,,,,6000,0.3064820963375389,24472,19577,4895,8
DAX_GERMANY,XGB-QLIKE-HAR-X,XGB-QLIKE-HAR-X,1,300,2,0.05,0.8,0.8,10.0,10.0,1.0,0.0005565685335169053,0.00010889768899709797,0.4554030165515497,0.7280538254433568,0.8468848996832101,-0.00010180861181417156,2.096395849610568,0.2838490222327331,3.993182678155795e-11,2.3477031629199677e-139,-1.9747863259785363,0.048437510634634195,0.0,1.2815990849006193e-44,,0.48070175438596496,2.2296862892055526e-12,0.7253753653431025,0.5970268188270462,0.4708994708994709,0.5106382978723404,,,,2100,0.277300937541265,9467,7573,1894,8
DAX_GERMANY,XGB-QLIKE-HAR-X,XGB-QLIKE-HAR-X,5,300,2,0.05,0.8,0.8,10.0,10.0,1.0,0.0003343297216907691,8.654235326373689e-05,0.2793123836636193,0.5785934663701919,0.8600844772967265,-5.0478085132431026e-05,1.6292790062798597,0.3828919026294071,1.0560013263325498e-07,1.423157750831097e-200,-1.9052509848820811,0.05689883844423016,0.0,0.0,,0.5119404094879433,4.380826259421183e-14,0.8842123774792776,0.5514128339094466,0.5661375661375662,0.6170212765957447,,,,2100,0.277300937541265,9467,7573,1894,8
DAX_GERMANY,XGB-QLIKE-HAR-X,XGB-QLIKE-HAR-X,10,300,2,0.05,0.8,0.8,10.0,10.0,1.0,0.0002989409152900089,8.51268870348004e-05,0.2856573177316937,0.5691301286974286,0.8595564941921858,-2.7709462212301428e-05,1.4247812106159043,0.3316352038413871,0.002003456392902395,9.235600233804826e-168,-1.9262682286599544,0.054220465277265095,0.0,0.0,,0.33684822877437925,2.0130458381419632e-06,1.012667502913992,0.564918045127379,0.5925925925925926,0.5638297872340425,,,,2100,0.277300937541265,9467,7573,1894,8
DAX_GERMANY,XGB-QLIKE-HAR-X,XGB-QLIKE-HAR-X,21,300,3,0.05,0.8,0.8,5.0,5.0,0.0,0.00026518074292052415,8.721728167961652e-05,0.33384599693996375,0.5831058138736792,0.8600844772967265,1.4853675489665852e-05,1.0863381310266909,0.21372180690390918,0.0856834590274628,6.497894343061726e-101,-1.9920126259522495,0.04651310670173214,0.0,0.0,,0.1357048817506244,0.06192053373675075,0.9760276639005806,0.5585760994561882,0.49206349206349204,0.43617021276595747,,,,4500,0.5942162947312822,9467,7573,1894,8
DAX_GERMANY,XGB-QLIKE-HAR-X,XGB-QLIKE-HAR-X,63,300,2,0.05,0.8,0.8,10.0,10.0,1.0,0.00020150900164472846,9.289555854290878e-05,0.502011900105032,0.6210688894019083,0.7671594508975713,7.89194409374347e-05,0.5716694434905052,0.06749261109690807,6.665019841543184e-23,1.3700616678033897e-30,-0.3788195492156529,0.7048643513725845,0.0,0.0,,-0.2750550022525774,0.0001226845110226606,0.3678284390726806,0.4109050058278622,0.20105820105820105,0.1702127659574468,,,,2100,0.277300937541265,9467,7573,1894,8
DAX_GERMANY,XGB-QLIKE-HAR-X,XGB-QLIKE-HAR-X,100,300,2,0.05,0.8,0.8,10.0,10.0,1.0,0.0001772982390475285,9.816603585932416e-05,0.5147334938143,0.656305552433673,0.694297782470961,0.00011543775953324568,0.28942997510937024,0.020703194828467386,1.4744512181026915e-52,3.1631946019452643e-10,1.419871329712344,0.15580980273128686,0.0,0.0,,-0.06876615622826701,0.3458151434163913,0.3196616453232197,0.326911554518692,0.1111111111111111,0.1276595744680851,,,,2100,0.277300937541265,9467,7573,1894,8
HANG_SENG_CHINA_ENT,XGB-QLIKE-HAR-X,XGB-QLIKE-HAR-X,1,200,2,0.05,0.8,0.8,5.0,5.0,0.0,0.0004951444757398633,0.0001924303138274273,0.3823453072205321,0.5558204993304369,0.8334392879847425,-3.137894534499873e-05,1.0781114789415258,0.19369360362048482,0.11611790426800984,1.6402721366159933e-75,-2.7330368960635387,0.00634564751370581,0.0,0.011096070039449991,,0.23198130701793085,0.003357856670977945,0.549164723577544,0.3732418379512012,0.45222929936305734,0.3333333333333333,,,,1400,0.22254013670322684,7864,6291,1573,8
HANG_SENG_CHINA_ENT,XGB-QLIKE-HAR-X,XGB-QLIKE-HAR-X,5,300,2,0.05,0.8,0.8,10.0,10.0,1.0,0.0003043362609912838,0.00014220230461666177,0.19970914449117153,0.41074066962679523,0.8556897647806738,3.992736905720026e-05,0.8474647648876367,0.24811358924290927,0.0017094321018307948,2.104776587433309e-99,-3.90747834575997,9.722271681877892e-05,0.0,0.0,,0.25629374512252817,0.0011522293396743883,0.5887707151301426,0.3227994384987796,0.45222929936305734,0.41025641025641024,,,,2100,0.33381020505484027,7864,6291,1573,8
HANG_SENG_CHINA_ENT,XGB-QLIKE-HAR-X,XGB-QLIKE-HAR-X,10,300,2,0.05,0.8,0.8,10.0,10.0,1.0,0.00027873866841792225,0.000138560721987767,0.19799633142972375,0.4002222318875078,0.8334392879847425,9.825704400764092e-05,0.6210768930423956,0.17227498875951963,1.1302214704374752e-16,1.5271080266148198e-66,-3.046384753924933,0.0023546557540492508,0.0,0.0,,0.09719955153880909,0.22438242491135027,0.538287603552032,0.29009227716093433,0.42038216560509556,0.28205128205128205,,,,2100,0.33381020505484027,7864,6291,1573,8
HANG_SENG_CHINA_ENT,XGB-QLIKE-HAR-X,XGB-QLIKE-HAR-X,21,300,2,0.05,0.8,0.8,10.0,10.0,1.0,0.00024012091712509676,0.00014132970827058312,0.2082501817263711,0.40822024066139684,0.8080101716465353,0.00013365190234255217,0.480314606113184,0.128907819862066,1.037345604151485e-34,4.646859152756882e-49,-2.0596314606794652,0.03959812394105566,0.0,0.0,,-0.36191639575939477,2.9758482048551927e-06,0.20738257469186416,0.21252083395178728,0.34394904458598724,0.14102564102564102,,,,2100,0.33381020505484027,7864,6291,1573,8
HANG_SENG_CHINA_ENT,XGB-QLIKE-HAR-X,XGB-QLIKE-HAR-X,63,300,2,0.05,0.8,0.8,10.0,10.0,1.0,0.000208765297940905,0.00015656130796743584,0.20963974013369635,0.45221557165014326,0.6789574062301335,0.00021619288977291093,0.18159181703321217,0.03352026130794694,5.90187952217084e-121,2.525875318358254e-13,0.6571259684112705,0.5111961160141087,2.5292300192528165e-09,0.0,,0.5065223112484959,1.1204976162697844e-11,0.12256279248249892,0.17216372289373977,0.08280254777070063,0.02564102564102564,,,,2100,0.33381020505484027,7864,6291,1573,8
HANG_SENG_CHINA_ENT,XGB-QLIKE-HAR-X,XGB-QLIKE-HAR-X,100,300,2,0.05,0.8,0.8,10.0,10.0,1.0,0.00018345883363078368,0.00014690241599992195,0.1639679707807314,0.4243165881190094,0.635092180546726,0.00023361957074441152,0.12238413796282654,0.019627505268690726,1.99399421999302e-165,2.4112134994022695e-08,0.8712508335552424,0.383750243336316,0.3188949969445242,0.0,,-0.3297878328280285,2.3219133974049732e-05,0.054700384203493956,0.1358495242043334,0.09554140127388536,0.01282051282051282,,,,2100,0.33381020505484027,7864,6291,1573,8
